Apache Maven 3.9.9 (8e8579a9e76f7d015ee5ec7bfcdc97d260186937)
Maven home: C:\apache-maven-3.9.9
Java version: 17.0.12, vendor: Oracle Corporation, runtime: C:\Program Files\Java\jdk-17
Default locale: tr_TR, platform encoding: Cp1254
OS name: "windows 11", version: "10.0", arch: "amd64", family: "windows"
[DEBUG] Created new class realm maven.api
[DEBUG] Importing foreign packages into class realm maven.api
[DEBUG]   Imported: javax.annotation.* < plexus.core
[DEBUG]   Imported: javax.annotation.security.* < plexus.core
[DEBUG]   Imported: javax.inject.* < plexus.core
[DEBUG]   Imported: org.apache.maven.* < plexus.core
[DEBUG]   Imported: org.apache.maven.artifact < plexus.core
[DEBUG]   Imported: org.apache.maven.classrealm < plexus.core
[DEBUG]   Imported: org.apache.maven.cli < plexus.core
[DEBUG]   Imported: org.apache.maven.configuration < plexus.core
[DEBUG]   Imported: org.apache.maven.exception < plexus.core
[DEBUG]   Imported: org.apache.maven.execution < plexus.core
[DEBUG]   Imported: org.apache.maven.execution.scope < plexus.core
[DEBUG]   Imported: org.apache.maven.graph < plexus.core
[DEBUG]   Imported: org.apache.maven.lifecycle < plexus.core
[DEBUG]   Imported: org.apache.maven.model < plexus.core
[DEBUG]   Imported: org.apache.maven.monitor < plexus.core
[DEBUG]   Imported: org.apache.maven.plugin < plexus.core
[DEBUG]   Imported: org.apache.maven.profiles < plexus.core
[DEBUG]   Imported: org.apache.maven.project < plexus.core
[DEBUG]   Imported: org.apache.maven.reporting < plexus.core
[DEBUG]   Imported: org.apache.maven.repository < plexus.core
[DEBUG]   Imported: org.apache.maven.rtinfo < plexus.core
[DEBUG]   Imported: org.apache.maven.settings < plexus.core
[DEBUG]   Imported: org.apache.maven.toolchain < plexus.core
[DEBUG]   Imported: org.apache.maven.usability < plexus.core
[DEBUG]   Imported: org.apache.maven.wagon.* < plexus.core
[DEBUG]   Imported: org.apache.maven.wagon.authentication < plexus.core
[DEBUG]   Imported: org.apache.maven.wagon.authorization < plexus.core
[DEBUG]   Imported: org.apache.maven.wagon.events < plexus.core
[DEBUG]   Imported: org.apache.maven.wagon.observers < plexus.core
[DEBUG]   Imported: org.apache.maven.wagon.proxy < plexus.core
[DEBUG]   Imported: org.apache.maven.wagon.repository < plexus.core
[DEBUG]   Imported: org.apache.maven.wagon.resource < plexus.core
[DEBUG]   Imported: org.codehaus.classworlds < plexus.core
[DEBUG]   Imported: org.codehaus.plexus.* < plexus.core
[DEBUG]   Imported: org.codehaus.plexus.classworlds < plexus.core
[DEBUG]   Imported: org.codehaus.plexus.component < plexus.core
[DEBUG]   Imported: org.codehaus.plexus.configuration < plexus.core
[DEBUG]   Imported: org.codehaus.plexus.container < plexus.core
[DEBUG]   Imported: org.codehaus.plexus.context < plexus.core
[DEBUG]   Imported: org.codehaus.plexus.lifecycle < plexus.core
[DEBUG]   Imported: org.codehaus.plexus.logging < plexus.core
[DEBUG]   Imported: org.codehaus.plexus.personality < plexus.core
[DEBUG]   Imported: org.codehaus.plexus.util.xml.Xpp3Dom < plexus.core
[DEBUG]   Imported: org.codehaus.plexus.util.xml.pull.XmlPullParser < plexus.core
[DEBUG]   Imported: org.codehaus.plexus.util.xml.pull.XmlPullParserException < plexus.core
[DEBUG]   Imported: org.codehaus.plexus.util.xml.pull.XmlSerializer < plexus.core
[DEBUG]   Imported: org.eclipse.aether.* < plexus.core
[DEBUG]   Imported: org.eclipse.aether.artifact < plexus.core
[DEBUG]   Imported: org.eclipse.aether.collection < plexus.core
[DEBUG]   Imported: org.eclipse.aether.deployment < plexus.core
[DEBUG]   Imported: org.eclipse.aether.graph < plexus.core
[DEBUG]   Imported: org.eclipse.aether.impl < plexus.core
[DEBUG]   Imported: org.eclipse.aether.installation < plexus.core
[DEBUG]   Imported: org.eclipse.aether.internal.impl < plexus.core
[DEBUG]   Imported: org.eclipse.aether.metadata < plexus.core
[DEBUG]   Imported: org.eclipse.aether.repository < plexus.core
[DEBUG]   Imported: org.eclipse.aether.resolution < plexus.core
[DEBUG]   Imported: org.eclipse.aether.spi < plexus.core
[DEBUG]   Imported: org.eclipse.aether.transfer < plexus.core
[DEBUG]   Imported: org.eclipse.aether.util < plexus.core
[DEBUG]   Imported: org.eclipse.aether.version < plexus.core
[DEBUG]   Imported: org.fusesource.jansi.* < plexus.core
[DEBUG]   Imported: org.slf4j.* < plexus.core
[DEBUG]   Imported: org.slf4j.event.* < plexus.core
[DEBUG]   Imported: org.slf4j.helpers.* < plexus.core
[DEBUG]   Imported: org.slf4j.spi.* < plexus.core
[DEBUG] Populating class realm maven.api
[DEBUG] Created adapter factory; available factories [file-lock, rwlock-local, semaphore-local, noop]; available name mappers [discriminating, file-gav, file-hgav, file-static, gav, static]
[INFO] Error stacktraces are turned on.
[DEBUG] Message scheme: color
[DEBUG] Message styles: debug info warning error success failure strong mojo project
[DEBUG] Reading global settings from C:\apache-maven-3.9.9\conf\settings.xml
[DEBUG] Reading user settings from C:\Users\furka\.m2\settings.xml
[DEBUG] Reading global toolchains from C:\apache-maven-3.9.9\conf\toolchains.xml
[DEBUG] Reading user toolchains from C:\Users\furka\.m2\toolchains.xml
[DEBUG] Using local repository at C:\Users\furka\.m2\repository
[DEBUG] Using manager EnhancedLocalRepositoryManager with priority 10.0 for C:\Users\furka\.m2\repository
[INFO] Scanning for projects...
[DEBUG] Creating adapter using nameMapper 'gav' and factory 'rwlock-local'
[DEBUG] Extension realms for project com.budget:budget-tracker:jar:1.0.0: (none)
[DEBUG] Looking up lifecycle mappings for packaging jar from ClassRealm[plexus.core, parent: null]
[DEBUG] Extension realms for project org.springframework.boot:spring-boot-starter-parent:pom:3.2.0: (none)
[DEBUG] Looking up lifecycle mappings for packaging pom from ClassRealm[plexus.core, parent: null]
[DEBUG] Extension realms for project org.springframework.boot:spring-boot-dependencies:pom:3.2.0: (none)
[DEBUG] Looking up lifecycle mappings for packaging pom from ClassRealm[plexus.core, parent: null]
[DEBUG] Resolving plugin prefix spring-boot from [org.apache.maven.plugins, org.codehaus.mojo]
[DEBUG] Resolved plugin prefix spring-boot to org.springframework.boot:spring-boot-maven-plugin from POM com.budget:budget-tracker:jar:1.0.0
[DEBUG] === REACTOR BUILD PLAN ================================================
[DEBUG] Project: com.budget:budget-tracker:jar:1.0.0
[DEBUG] Tasks:   [spring-boot:run]
[DEBUG] Style:   Regular
[DEBUG] =======================================================================
[INFO] 
[INFO] ---------------------< com.budget:budget-tracker >----------------------
[INFO] Building Budget Planning and Tracking System 1.0.0
[INFO]   from pom.xml
[INFO] --------------------------------[ jar ]---------------------------------
[DEBUG] Resolving plugin prefix spring-boot from [org.apache.maven.plugins, org.codehaus.mojo]
[DEBUG] Resolved plugin prefix spring-boot to org.springframework.boot:spring-boot-maven-plugin from POM com.budget:budget-tracker:jar:1.0.0
[DEBUG] Lifecycle clean -> [pre-clean, clean, post-clean]
[DEBUG] Lifecycle default -> [validate, initialize, generate-sources, process-sources, generate-resources, process-resources, compile, process-classes, generate-test-sources, process-test-sources, generate-test-resources, process-test-resources, test-compile, process-test-classes, test, prepare-package, package, pre-integration-test, integration-test, post-integration-test, verify, install, deploy]
[DEBUG] Lifecycle site -> [pre-site, site, post-site, site-deploy]
[DEBUG] Lifecycle clean -> [pre-clean, clean, post-clean]
[DEBUG] Lifecycle default -> [validate, initialize, generate-sources, process-sources, generate-resources, process-resources, compile, process-classes, generate-test-sources, process-test-sources, generate-test-resources, process-test-resources, test-compile, process-test-classes, test, prepare-package, package, pre-integration-test, integration-test, post-integration-test, verify, install, deploy]
[DEBUG] Lifecycle site -> [pre-site, site, post-site, site-deploy]
[DEBUG] === PROJECT BUILD PLAN ================================================
[DEBUG] Project:       com.budget:budget-tracker:1.0.0
[DEBUG] Dependencies (collect): []
[DEBUG] Dependencies (resolve): [test]
[DEBUG] Repositories (dependencies): [central (https://repo.maven.apache.org/maven2, default, releases)]
[DEBUG] Repositories (plugins)     : [central (https://repo.maven.apache.org/maven2, default, releases)]
[DEBUG] --- init fork of com.budget:budget-tracker:1.0.0 for org.springframework.boot:spring-boot-maven-plugin:3.2.0:run (default-cli) ---
[DEBUG] Dependencies (collect): []
[DEBUG] Dependencies (resolve): [compile, test]
[DEBUG] -----------------------------------------------------------------------
[DEBUG] Goal:          org.apache.maven.plugins:maven-resources-plugin:3.3.1:resources (default-resources)
[DEBUG] Style:         Regular
[DEBUG] Configuration: <?xml version="1.0" encoding="UTF-8"?>
<configuration>
  <addDefaultExcludes default-value="true"/>
  <buildFilters default-value="${project.build.filters}"/>
  <delimiters>
    <delimiter>@</delimiter>
  </delimiters>
  <encoding default-value="${project.build.sourceEncoding}"/>
  <escapeWindowsPaths default-value="true"/>
  <fileNameFiltering default-value="false"/>
  <includeEmptyDirs default-value="false"/>
  <outputDirectory default-value="${project.build.outputDirectory}"/>
  <overwrite default-value="false"/>
  <project default-value="${project}"/>
  <propertiesEncoding>UTF-8</propertiesEncoding>
  <resources default-value="${project.resources}"/>
  <session default-value="${session}"/>
  <skip default-value="false">${maven.resources.skip}</skip>
  <supportMultiLineFiltering default-value="false"/>
  <useBuildFilters default-value="true"/>
  <useDefaultDelimiters default-value="true">false</useDefaultDelimiters>
</configuration>
[DEBUG] -----------------------------------------------------------------------
[DEBUG] Goal:          org.apache.maven.plugins:maven-compiler-plugin:3.11.0:compile (default-compile)
[DEBUG] Style:         Regular
[DEBUG] Configuration: <?xml version="1.0" encoding="UTF-8"?>
<configuration>
  <basedir default-value="${basedir}"/>
  <buildDirectory default-value="${project.build.directory}"/>
  <compilePath default-value="${project.compileClasspathElements}"/>
  <compileSourceRoots default-value="${project.compileSourceRoots}"/>
  <compilerId default-value="javac">${maven.compiler.compilerId}</compilerId>
  <compilerReuseStrategy default-value="${reuseCreated}">${maven.compiler.compilerReuseStrategy}</compilerReuseStrategy>
  <compilerVersion>${maven.compiler.compilerVersion}</compilerVersion>
  <createMissingPackageInfoClass default-value="true">${maven.compiler.createMissingPackageInfoClass}</createMissingPackageInfoClass>
  <debug default-value="true">${maven.compiler.debug}</debug>
  <debugFileName default-value="javac"/>
  <debuglevel>${maven.compiler.debuglevel}</debuglevel>
  <enablePreview default-value="false">${maven.compiler.enablePreview}</enablePreview>
  <encoding default-value="${project.build.sourceEncoding}">${encoding}</encoding>
  <executable>${maven.compiler.executable}</executable>
  <failOnError default-value="true">${maven.compiler.failOnError}</failOnError>
  <failOnWarning default-value="false">${maven.compiler.failOnWarning}</failOnWarning>
  <forceJavacCompilerUse default-value="false">${maven.compiler.forceJavacCompilerUse}</forceJavacCompilerUse>
  <fork default-value="false">${maven.compiler.fork}</fork>
  <generatedSourcesDirectory default-value="${project.build.directory}/generated-sources/annotations"/>
  <implicit>${maven.compiler.implicit}</implicit>
  <maxmem>${maven.compiler.maxmem}</maxmem>
  <meminitial>${maven.compiler.meminitial}</meminitial>
  <mojoExecution default-value="${mojoExecution}"/>
  <optimize default-value="false">${maven.compiler.optimize}</optimize>
  <outputDirectory default-value="${project.build.outputDirectory}"/>
  <parameters default-value="false">true</parameters>
  <project default-value="${project}"/>
  <projectArtifact default-value="${project.artifact}"/>
  <release>${maven.compiler.release}</release>
  <session default-value="${session}"/>
  <showCompilationChanges default-value="false">${maven.compiler.showCompilationChanges}</showCompilationChanges>
  <showDeprecation default-value="false">${maven.compiler.showDeprecation}</showDeprecation>
  <showWarnings default-value="true">${maven.compiler.showWarnings}</showWarnings>
  <skipMain>${maven.main.skip}</skipMain>
  <skipMultiThreadWarning default-value="false">${maven.compiler.skipMultiThreadWarning}</skipMultiThreadWarning>
  <source default-value="1.8">${maven.compiler.source}</source>
  <staleMillis default-value="0">${lastModGranularityMs}</staleMillis>
  <target default-value="1.8">${maven.compiler.target}</target>
  <useIncrementalCompilation default-value="true">${maven.compiler.useIncrementalCompilation}</useIncrementalCompilation>
  <verbose default-value="false">${maven.compiler.verbose}</verbose>
</configuration>
[DEBUG] -----------------------------------------------------------------------
[DEBUG] Goal:          org.apache.maven.plugins:maven-resources-plugin:3.3.1:testResources (default-testResources)
[DEBUG] Style:         Regular
[DEBUG] Configuration: <?xml version="1.0" encoding="UTF-8"?>
<configuration>
  <addDefaultExcludes default-value="true"/>
  <buildFilters default-value="${project.build.filters}"/>
  <delimiters>
    <delimiter>@</delimiter>
  </delimiters>
  <encoding default-value="${project.build.sourceEncoding}"/>
  <escapeWindowsPaths default-value="true"/>
  <fileNameFiltering default-value="false"/>
  <includeEmptyDirs default-value="false"/>
  <outputDirectory default-value="${project.build.testOutputDirectory}"/>
  <overwrite default-value="false"/>
  <project default-value="${project}"/>
  <propertiesEncoding>UTF-8</propertiesEncoding>
  <resources default-value="${project.testResources}"/>
  <session default-value="${session}"/>
  <skip default-value="false">${maven.test.skip}</skip>
  <supportMultiLineFiltering default-value="false"/>
  <useBuildFilters default-value="true"/>
  <useDefaultDelimiters default-value="true">false</useDefaultDelimiters>
</configuration>
[DEBUG] -----------------------------------------------------------------------
[DEBUG] Goal:          org.apache.maven.plugins:maven-compiler-plugin:3.11.0:testCompile (default-testCompile)
[DEBUG] Style:         Regular
[DEBUG] Configuration: <?xml version="1.0" encoding="UTF-8"?>
<configuration>
  <basedir default-value="${basedir}"/>
  <buildDirectory default-value="${project.build.directory}"/>
  <compileSourceRoots default-value="${project.testCompileSourceRoots}"/>
  <compilerId default-value="javac">${maven.compiler.compilerId}</compilerId>
  <compilerReuseStrategy default-value="${reuseCreated}">${maven.compiler.compilerReuseStrategy}</compilerReuseStrategy>
  <compilerVersion>${maven.compiler.compilerVersion}</compilerVersion>
  <createMissingPackageInfoClass default-value="true">${maven.compiler.createMissingPackageInfoClass}</createMissingPackageInfoClass>
  <debug default-value="true">${maven.compiler.debug}</debug>
  <debugFileName default-value="javac-test"/>
  <debuglevel>${maven.compiler.debuglevel}</debuglevel>
  <enablePreview default-value="false">${maven.compiler.enablePreview}</enablePreview>
  <encoding default-value="${project.build.sourceEncoding}">${encoding}</encoding>
  <executable>${maven.compiler.executable}</executable>
  <failOnError default-value="true">${maven.compiler.failOnError}</failOnError>
  <failOnWarning default-value="false">${maven.compiler.failOnWarning}</failOnWarning>
  <forceJavacCompilerUse default-value="false">${maven.compiler.forceJavacCompilerUse}</forceJavacCompilerUse>
  <fork default-value="false">${maven.compiler.fork}</fork>
  <generatedTestSourcesDirectory default-value="${project.build.directory}/generated-test-sources/test-annotations"/>
  <implicit>${maven.compiler.implicit}</implicit>
  <maxmem>${maven.compiler.maxmem}</maxmem>
  <meminitial>${maven.compiler.meminitial}</meminitial>
  <mojoExecution default-value="${mojoExecution}"/>
  <optimize default-value="false">${maven.compiler.optimize}</optimize>
  <outputDirectory default-value="${project.build.testOutputDirectory}"/>
  <parameters default-value="false">true</parameters>
  <project default-value="${project}"/>
  <release>${maven.compiler.release}</release>
  <session default-value="${session}"/>
  <showCompilationChanges default-value="false">${maven.compiler.showCompilationChanges}</showCompilationChanges>
  <showDeprecation default-value="false">${maven.compiler.showDeprecation}</showDeprecation>
  <showWarnings default-value="true">${maven.compiler.showWarnings}</showWarnings>
  <skip>${maven.test.skip}</skip>
  <skipMultiThreadWarning default-value="false">${maven.compiler.skipMultiThreadWarning}</skipMultiThreadWarning>
  <source default-value="1.8">${maven.compiler.source}</source>
  <staleMillis default-value="0">${lastModGranularityMs}</staleMillis>
  <target default-value="1.8">${maven.compiler.target}</target>
  <testPath default-value="${project.testClasspathElements}"/>
  <testRelease>${maven.compiler.testRelease}</testRelease>
  <testSource>${maven.compiler.testSource}</testSource>
  <testTarget>${maven.compiler.testTarget}</testTarget>
  <useIncrementalCompilation default-value="true">${maven.compiler.useIncrementalCompilation}</useIncrementalCompilation>
  <useModulePath default-value="true"/>
  <verbose default-value="false">${maven.compiler.verbose}</verbose>
</configuration>
[DEBUG] --- exit fork of com.budget:budget-tracker:1.0.0 for org.springframework.boot:spring-boot-maven-plugin:3.2.0:run (default-cli) ---
[DEBUG] -----------------------------------------------------------------------
[DEBUG] Goal:          org.springframework.boot:spring-boot-maven-plugin:3.2.0:run (default-cli)
[DEBUG] Style:         Regular
[DEBUG] Configuration: <?xml version="1.0" encoding="UTF-8"?>
<configuration>
  <addResources default-value="false">${spring-boot.run.addResources}</addResources>
  <additionalClasspathElements>${spring-boot.run.additional-classpath-elements}</additionalClasspathElements>
  <agents>${spring-boot.run.agents}</agents>
  <classesDirectory default-value="${project.build.outputDirectory}"/>
  <commandlineArguments>${spring-boot.run.arguments}</commandlineArguments>
  <directories>${spring-boot.run.directories}</directories>
  <excludeGroupIds default-value="">${spring-boot.excludeGroupIds}</excludeGroupIds>
  <excludes>${spring-boot.excludes}</excludes>
  <includes>${spring-boot.includes}</includes>
  <jvmArguments>${spring-boot.run.jvmArguments}</jvmArguments>
  <mainClass>${start-class}</mainClass>
  <noverify>${spring-boot.run.noverify}</noverify>
  <optimizedLaunch default-value="true">${spring-boot.run.optimizedLaunch}</optimizedLaunch>
  <profiles>${spring-boot.run.profiles}</profiles>
  <project default-value="${project}"/>
  <session default-value="${session}"/>
  <skip default-value="false">${spring-boot.run.skip}</skip>
  <useTestClasspath default-value="false">${spring-boot.run.useTestClasspath}</useTestClasspath>
  <workingDirectory>${spring-boot.run.workingDirectory}</workingDirectory>
</configuration>
[DEBUG] =======================================================================
[INFO] 
[INFO] >>> spring-boot:3.2.0:run (default-cli) > test-compile @ budget-tracker >>>
[DEBUG] Using mirror maven-default-http-blocker (http://0.0.0.0/) for ow2-snapshot (http://repository.ow2.org/nexus/content/repositories/snapshots).
[DEBUG] Using mirror maven-default-http-blocker (http://0.0.0.0/) for vaadin-snapshots (http://oss.sonatype.org/content/repositories/vaadin-snapshots/).
[DEBUG] Using mirror maven-default-http-blocker (http://0.0.0.0/) for vaadin-releases (http://oss.sonatype.org/content/repositories/vaadin-releases/).
[DEBUG] Dependency collection stats {ConflictMarker.analyzeTime=1285300, ConflictMarker.markTime=371300, ConflictMarker.nodeCount=215, ConflictIdSorter.graphTime=1898500, ConflictIdSorter.topsortTime=533000, ConflictIdSorter.conflictIdCount=103, ConflictIdSorter.conflictIdCycleCount=0, ConflictResolver.totalTime=10932100, ConflictResolver.conflictItemCount=209, DfDependencyCollector.collectTime=584625700, DfDependencyCollector.transformTime=18096700}
[DEBUG] com.budget:budget-tracker:jar:1.0.0
[DEBUG]    org.springframework.boot:spring-boot-starter-web:jar:3.2.0:compile
[DEBUG]       org.springframework.boot:spring-boot-starter:jar:3.2.0:compile (version managed from 3.2.0)
[DEBUG]          org.springframework.boot:spring-boot:jar:3.2.0:compile (version managed from 3.2.0)
[DEBUG]          org.springframework.boot:spring-boot-autoconfigure:jar:3.2.0:compile (version managed from 3.2.0)
[DEBUG]          org.springframework.boot:spring-boot-starter-logging:jar:3.2.0:compile (version managed from 3.2.0)
[DEBUG]             ch.qos.logback:logback-classic:jar:1.4.11:compile (version managed from 1.4.11)
[DEBUG]                ch.qos.logback:logback-core:jar:1.4.11:compile (version managed from 1.4.11)
[DEBUG]             org.apache.logging.log4j:log4j-to-slf4j:jar:2.21.1:compile (version managed from 2.21.1)
[DEBUG]                org.apache.logging.log4j:log4j-api:jar:2.21.1:compile (version managed from 2.21.1)
[DEBUG]             org.slf4j:jul-to-slf4j:jar:2.0.9:compile (version managed from 2.0.9)
[DEBUG]          jakarta.annotation:jakarta.annotation-api:jar:2.1.1:compile (version managed from 2.1.1)
[DEBUG]          org.yaml:snakeyaml:jar:2.2:compile (version managed from 2.2)
[DEBUG]       org.springframework.boot:spring-boot-starter-json:jar:3.2.0:compile (version managed from 3.2.0)
[DEBUG]          com.fasterxml.jackson.datatype:jackson-datatype-jdk8:jar:2.15.3:compile (version managed from 2.15.3)
[DEBUG]          com.fasterxml.jackson.datatype:jackson-datatype-jsr310:jar:2.15.3:compile (version managed from 2.15.3)
[DEBUG]          com.fasterxml.jackson.module:jackson-module-parameter-names:jar:2.15.3:compile (version managed from 2.15.3)
[DEBUG]       org.springframework.boot:spring-boot-starter-tomcat:jar:3.2.0:compile (version managed from 3.2.0)
[DEBUG]          org.apache.tomcat.embed:tomcat-embed-core:jar:10.1.16:compile (version managed from 10.1.16)
[DEBUG]          org.apache.tomcat.embed:tomcat-embed-websocket:jar:10.1.16:compile (version managed from 10.1.16)
[DEBUG]       org.springframework:spring-web:jar:6.1.1:compile (version managed from 6.1.1)
[DEBUG]          org.springframework:spring-beans:jar:6.1.1:compile (version managed from 6.1.1)
[DEBUG]          io.micrometer:micrometer-observation:jar:1.12.0:compile (version managed from 1.12.0)
[DEBUG]             io.micrometer:micrometer-commons:jar:1.12.0:compile (version managed from 1.12.0)
[DEBUG]       org.springframework:spring-webmvc:jar:6.1.1:compile (version managed from 6.1.1)
[DEBUG]          org.springframework:spring-context:jar:6.1.1:compile (version managed from 6.1.1)
[DEBUG]          org.springframework:spring-expression:jar:6.1.1:compile (version managed from 6.1.1)
[DEBUG]    org.springframework.boot:spring-boot-starter-data-jpa:jar:3.2.0:compile
[DEBUG]       org.springframework.boot:spring-boot-starter-aop:jar:3.2.0:compile (version managed from 3.2.0)
[DEBUG]          org.aspectj:aspectjweaver:jar:1.9.20.1:compile (version managed from 1.9.20.1)
[DEBUG]       org.springframework.boot:spring-boot-starter-jdbc:jar:3.2.0:compile (version managed from 3.2.0)
[DEBUG]          com.zaxxer:HikariCP:jar:5.0.1:compile (version managed from 5.0.1)
[DEBUG]          org.springframework:spring-jdbc:jar:6.1.1:compile (version managed from 6.1.1)
[DEBUG]       org.hibernate.orm:hibernate-core:jar:6.3.1.Final:compile (version managed from 6.3.1.Final)
[DEBUG]          jakarta.persistence:jakarta.persistence-api:jar:3.1.0:compile (version managed from 3.1.0)
[DEBUG]          jakarta.transaction:jakarta.transaction-api:jar:2.0.1:compile (version managed from 2.0.1)
[DEBUG]          org.jboss.logging:jboss-logging:jar:3.5.3.Final:compile (version managed from 3.5.0.Final)
[DEBUG]          org.hibernate.common:hibernate-commons-annotations:jar:6.0.6.Final:runtime
[DEBUG]          io.smallrye:jandex:jar:3.1.2:runtime
[DEBUG]          com.fasterxml:classmate:jar:1.6.0:compile (version managed from 1.5.1)
[DEBUG]          net.bytebuddy:byte-buddy:jar:1.14.10:runtime (version managed from 1.14.7)
[DEBUG]          org.glassfish.jaxb:jaxb-runtime:jar:4.0.4:runtime (version managed from 4.0.2)
[DEBUG]             org.glassfish.jaxb:jaxb-core:jar:4.0.4:runtime (version managed from 4.0.4)
[DEBUG]                org.eclipse.angus:angus-activation:jar:2.0.1:runtime (version managed from 2.0.1)
[DEBUG]                org.glassfish.jaxb:txw2:jar:4.0.4:runtime (version managed from 4.0.4)
[DEBUG]                com.sun.istack:istack-commons-runtime:jar:4.1.2:runtime (version managed from 4.1.2)
[DEBUG]          jakarta.inject:jakarta.inject-api:jar:2.0.1:runtime
[DEBUG]          org.antlr:antlr4-runtime:jar:4.10.1:compile
[DEBUG]       org.springframework.data:spring-data-jpa:jar:3.2.0:compile (version managed from 3.2.0)
[DEBUG]          org.springframework.data:spring-data-commons:jar:3.2.0:compile (version managed from 3.2.0)
[DEBUG]          org.springframework:spring-orm:jar:6.1.1:compile (version managed from 6.1.0)
[DEBUG]          org.springframework:spring-tx:jar:6.1.1:compile (version managed from 6.1.0)
[DEBUG]          org.slf4j:slf4j-api:jar:2.0.9:compile (version managed from 2.0.2)
[DEBUG]       org.springframework:spring-aspects:jar:6.1.1:compile (version managed from 6.1.1)
[DEBUG]    org.springframework.boot:spring-boot-starter-security:jar:3.2.0:compile
[DEBUG]       org.springframework:spring-aop:jar:6.1.1:compile (version managed from 6.1.1)
[DEBUG]       org.springframework.security:spring-security-config:jar:6.2.0:compile (version managed from 6.2.0)
[DEBUG]          org.springframework.security:spring-security-core:jar:6.2.0:compile (version managed from 6.2.0)
[DEBUG]             org.springframework.security:spring-security-crypto:jar:6.2.0:compile (version managed from 6.2.0)
[DEBUG]       org.springframework.security:spring-security-web:jar:6.2.0:compile (version managed from 6.2.0)
[DEBUG]    org.springframework.boot:spring-boot-starter-validation:jar:3.2.0:compile
[DEBUG]       org.apache.tomcat.embed:tomcat-embed-el:jar:10.1.16:compile (version managed from 10.1.16)
[DEBUG]       org.hibernate.validator:hibernate-validator:jar:8.0.1.Final:compile (version managed from 8.0.1.Final)
[DEBUG]          jakarta.validation:jakarta.validation-api:jar:3.0.2:compile (version managed from 3.0.2)
[DEBUG]    io.jsonwebtoken:jjwt-api:jar:0.11.5:compile
[DEBUG]    io.jsonwebtoken:jjwt-impl:jar:0.11.5:runtime
[DEBUG]    io.jsonwebtoken:jjwt-jackson:jar:0.11.5:runtime
[DEBUG]       com.fasterxml.jackson.core:jackson-databind:jar:2.15.3:compile (version managed from 2.12.6.1)
[DEBUG]          com.fasterxml.jackson.core:jackson-annotations:jar:2.15.3:compile (version managed from 2.15.3)
[DEBUG]          com.fasterxml.jackson.core:jackson-core:jar:2.15.3:compile (version managed from 2.15.3)
[DEBUG]    com.h2database:h2:jar:2.2.224:runtime
[DEBUG]    org.postgresql:postgresql:jar:42.6.0:runtime
[DEBUG]       org.checkerframework:checker-qual:jar:3.31.0:runtime
[DEBUG]    org.projectlombok:lombok:jar:1.18.30:compile (optional)
[DEBUG]    org.springframework.boot:spring-boot-starter-test:jar:3.2.0:test
[DEBUG]       org.springframework.boot:spring-boot-test:jar:3.2.0:test (version managed from 3.2.0)
[DEBUG]       org.springframework.boot:spring-boot-test-autoconfigure:jar:3.2.0:test (version managed from 3.2.0)
[DEBUG]       com.jayway.jsonpath:json-path:jar:2.8.0:test (version managed from 2.8.0)
[DEBUG]       jakarta.xml.bind:jakarta.xml.bind-api:jar:4.0.1:runtime (version managed from 4.0.1)
[DEBUG]          jakarta.activation:jakarta.activation-api:jar:2.1.2:runtime (version managed from 2.1.2)
[DEBUG]       net.minidev:json-smart:jar:2.5.0:test (version managed from 2.5.0)
[DEBUG]          net.minidev:accessors-smart:jar:2.5.0:test
[DEBUG]             org.ow2.asm:asm:jar:9.3:test
[DEBUG]       org.assertj:assertj-core:jar:3.24.2:test (version managed from 3.24.2)
[DEBUG]       org.awaitility:awaitility:jar:4.2.0:test (version managed from 4.2.0)
[DEBUG]       org.hamcrest:hamcrest:jar:2.2:test (version managed from 2.2)
[DEBUG]       org.junit.jupiter:junit-jupiter:jar:5.10.1:test (version managed from 5.10.1)
[DEBUG]          org.junit.jupiter:junit-jupiter-api:jar:5.10.1:test (version managed from 5.10.1)
[DEBUG]             org.opentest4j:opentest4j:jar:1.3.0:test
[DEBUG]             org.junit.platform:junit-platform-commons:jar:1.10.1:test (version managed from 1.10.1)
[DEBUG]             org.apiguardian:apiguardian-api:jar:1.1.2:test
[DEBUG]          org.junit.jupiter:junit-jupiter-params:jar:5.10.1:test (version managed from 5.10.1)
[DEBUG]          org.junit.jupiter:junit-jupiter-engine:jar:5.10.1:test (version managed from 5.10.1)
[DEBUG]             org.junit.platform:junit-platform-engine:jar:1.10.1:test (version managed from 1.10.1)
[DEBUG]       org.mockito:mockito-core:jar:5.7.0:test (version managed from 5.7.0)
[DEBUG]          net.bytebuddy:byte-buddy-agent:jar:1.14.10:test (version managed from 1.14.9)
[DEBUG]          org.objenesis:objenesis:jar:3.3:test
[DEBUG]       org.mockito:mockito-junit-jupiter:jar:5.7.0:test (version managed from 5.7.0)
[DEBUG]       org.skyscreamer:jsonassert:jar:1.5.1:test (version managed from 1.5.1)
[DEBUG]          com.vaadin.external.google:android-json:jar:0.0.20131108.vaadin1:test
[DEBUG]       org.springframework:spring-core:jar:6.1.1:compile (version managed from 6.1.1)
[DEBUG]          org.springframework:spring-jcl:jar:6.1.1:compile (version managed from 6.1.1)
[DEBUG]       org.springframework:spring-test:jar:6.1.1:test (version managed from 6.1.1)
[DEBUG]       org.xmlunit:xmlunit-core:jar:2.9.1:test (version managed from 2.9.1)
[INFO] 
[INFO] --- resources:3.3.1:resources (default-resources) @ budget-tracker ---
[DEBUG] Dependency collection stats {ConflictMarker.analyzeTime=84500, ConflictMarker.markTime=49100, ConflictMarker.nodeCount=13, ConflictIdSorter.graphTime=17900, ConflictIdSorter.topsortTime=10800, ConflictIdSorter.conflictIdCount=9, ConflictIdSorter.conflictIdCycleCount=0, ConflictResolver.totalTime=148900, ConflictResolver.conflictItemCount=13, DfDependencyCollector.collectTime=52027900, DfDependencyCollector.transformTime=325400}
[DEBUG] org.apache.maven.plugins:maven-resources-plugin:jar:3.3.1
[DEBUG]    org.codehaus.plexus:plexus-interpolation:jar:1.26:runtime
[DEBUG]    org.codehaus.plexus:plexus-utils:jar:3.5.1:compile
[DEBUG]    org.apache.maven.shared:maven-filtering:jar:3.3.1:compile
[DEBUG]       javax.inject:javax.inject:jar:1:compile
[DEBUG]       org.slf4j:slf4j-api:jar:1.7.36:compile
[DEBUG]       org.sonatype.plexus:plexus-build-api:jar:0.0.7:compile
[DEBUG]    commons-io:commons-io:jar:2.11.0:compile
[DEBUG]    org.apache.commons:commons-lang3:jar:3.12.0:compile
[DEBUG] Created new class realm plugin>org.apache.maven.plugins:maven-resources-plugin:3.3.1
[DEBUG] Importing foreign packages into class realm plugin>org.apache.maven.plugins:maven-resources-plugin:3.3.1
[DEBUG]   Imported:  < maven.api
[DEBUG] Populating class realm plugin>org.apache.maven.plugins:maven-resources-plugin:3.3.1
[DEBUG]   Included: org.apache.maven.plugins:maven-resources-plugin:jar:3.3.1
[DEBUG]   Included: org.codehaus.plexus:plexus-interpolation:jar:1.26
[DEBUG]   Included: org.codehaus.plexus:plexus-utils:jar:3.5.1
[DEBUG]   Included: org.apache.maven.shared:maven-filtering:jar:3.3.1
[DEBUG]   Included: org.sonatype.plexus:plexus-build-api:jar:0.0.7
[DEBUG]   Included: commons-io:commons-io:jar:2.11.0
[DEBUG]   Included: org.apache.commons:commons-lang3:jar:3.12.0
[DEBUG] Loading mojo org.apache.maven.plugins:maven-resources-plugin:3.3.1:resources from plugin realm ClassRealm[plugin>org.apache.maven.plugins:maven-resources-plugin:3.3.1, parent: jdk.internal.loader.ClassLoaders$AppClassLoader@2a139a55]
[DEBUG] Configuring mojo execution 'org.apache.maven.plugins:maven-resources-plugin:3.3.1:resources:default-resources' with basic configurator -->
[DEBUG]   (f) addDefaultExcludes = true
[DEBUG]   (f) buildFilters = []
[DEBUG]   (s) delimiters = [@]
[DEBUG]   (f) encoding = UTF-8
[DEBUG]   (f) escapeWindowsPaths = true
[DEBUG]   (f) fileNameFiltering = false
[DEBUG]   (s) includeEmptyDirs = false
[DEBUG]   (s) outputDirectory = C:\Users\furka\Downloads\budget-tracker\target\classes
[DEBUG]   (s) overwrite = false
[DEBUG]   (f) project = MavenProject: com.budget:budget-tracker:1.0.0 @ C:\Users\furka\Downloads\budget-tracker\pom.xml
[DEBUG]   (f) propertiesEncoding = UTF-8
[DEBUG]   (s) resources = [Resource {targetPath: null, filtering: true, FileSet {directory: C:\Users\furka\Downloads\budget-tracker\src\main\resources, PatternSet [includes: {**/application*.yml, **/application*.yaml, **/application*.properties}, excludes: {}]}}, Resource {targetPath: null, filtering: false, FileSet {directory: C:\Users\furka\Downloads\budget-tracker\src\main\resources, PatternSet [includes: {}, excludes: {**/application*.yml, **/application*.yaml, **/application*.properties}]}}]
[DEBUG]   (f) session = org.apache.maven.execution.MavenSession@6c841199
[DEBUG]   (f) skip = false
[DEBUG]   (f) supportMultiLineFiltering = false
[DEBUG]   (f) useBuildFilters = true
[DEBUG]   (s) useDefaultDelimiters = false
[DEBUG] -- end configuration --
[DEBUG] properties used:
[DEBUG] activemq.version: 5.18.3
[DEBUG] angus-mail.version: 2.0.2
[DEBUG] artemis.version: 2.31.2
[DEBUG] aspectj.version: 1.9.20.1
[DEBUG] assertj.version: 3.24.2
[DEBUG] awaitility.version: 4.2.0
[DEBUG] brave.version: 5.16.0
[DEBUG] build-helper-maven-plugin.version: 3.4.0
[DEBUG] byte-buddy.version: 1.14.10
[DEBUG] cache2k.version: 2.6.1.Final
[DEBUG] caffeine.version: 3.1.8
[DEBUG] cassandra-driver.version: 4.17.0
[DEBUG] classmate.version: 1.6.0
[DEBUG] classworlds.conf: C:\apache-maven-3.9.9\bin\m2.conf
[DEBUG] commons-codec.version: 1.16.0
[DEBUG] commons-dbcp2.version: 2.10.0
[DEBUG] commons-lang3.version: 3.13.0
[DEBUG] commons-pool.version: 1.6
[DEBUG] commons-pool2.version: 2.12.0
[DEBUG] couchbase-client.version: 3.4.11
[DEBUG] crac.version: 1.4.0
[DEBUG] db2-jdbc.version: 11.5.9.0
[DEBUG] dependency-management-plugin.version: 1.1.4
[DEBUG] derby.version: 10.16.1.1
[DEBUG] dropwizard-metrics.version: 4.2.22
[DEBUG] ehcache3.version: 3.10.8
[DEBUG] elasticsearch-client.version: 8.10.4
[DEBUG] env.=C:: C:\Users\furka\Downloads\budget-tracker
[DEBUG] env.ALLUSERSPROFILE: C:\ProgramData
[DEBUG] env.ANTIGRAVITY_AGENT: 1
[DEBUG] env.ANTIGRAVITY_CLI_ALIAS: agy
[DEBUG] env.APPDATA: C:\Users\furka\AppData\Roaming
[DEBUG] env.CHROME_CRASHPAD_PIPE_NAME: \\.\pipe\crashpad_23180_SRGVNPCMCRDHPNGP
[DEBUG] env.CLASSWORLDS_JAR: "C:\apache-maven-3.9.9\boot\plexus-classworlds-2.8.0.jar"
[DEBUG] env.CLASSWORLDS_LAUNCHER: org.codehaus.plexus.classworlds.launcher.Launcher
[DEBUG] env.COLORTERM: truecolor
[DEBUG] env.COMMONPROGRAMFILES: C:\Program Files\Common Files
[DEBUG] env.COMMONPROGRAMFILES(X86): C:\Program Files (x86)\Common Files
[DEBUG] env.COMMONPROGRAMW6432: C:\Program Files\Common Files
[DEBUG] env.COMPUTERNAME: GUNES
[DEBUG] env.COMSPEC: C:\WINDOWS\system32\cmd.exe
[DEBUG] env.DRIVERDATA: C:\Windows\System32\Drivers\DriverData
[DEBUG] env.EFC_11392_1262719628: 1
[DEBUG] env.EFC_11392_1592913036: 1
[DEBUG] env.EFC_11392_2283032206: 1
[DEBUG] env.EFC_11392_2775293581: 1
[DEBUG] env.EFC_11392_3789132940: 1
[DEBUG] env.ERROR_CODE: 0
[DEBUG] env.EXEC_DIR: C:\Users\furka\Downloads\budget-tracker
[DEBUG] env.FPS_BROWSER_APP_PROFILE_STRING: Internet Explorer
[DEBUG] env.FPS_BROWSER_USER_PROFILE_STRING: Default
[DEBUG] env.GIT_ASKPASS: c:\Users\furka\AppData\Local\Programs\Antigravity\resources\app\extensions\git\dist\askpass.sh
[DEBUG] env.HOMEDRIVE: C:
[DEBUG] env.HOMEPATH: \Users\furka
[DEBUG] env.IGCCSVC_DB: AQAAANCMnd8BFdERjHoAwE/Cl+sBAAAAX0E3IT0HdECw0v84WOQyFwQAAAACAAAAAAAQZgAAAAEAACAAAAA8GJczuFqMqhG+SWPhavqbG1VFotq5+2niPCVUpAh74wAAAAAOgAAAAAIAACAAAABLwt/12lFA+62rrVuwQdv55f9B9le8QZJrgQecXap7nGAAAACAGp2kvjh4CPoAwY7vXrcN1aWnkLiLtTIpTxSP+AIifI3/4xKuxaqSukYdMXulmP7MVTOhE8cK5dyhvB2Rn7LaLTsUbcdWNPD2D74N4aWjOfr6ILslhO8pgzWvJ3Uv+WNAAAAA+my9TUy7dgY5F6y7txYAebdYlNGVcMJQ8AsN6skgHsBiLP0Y0z4xvUcp+uqMTXaqLrB4XtbUPyb00PS+TFs6gw==
[DEBUG] env.INTELLIJ IDEA: C:\Program Files\JetBrains\IntelliJ IDEA 2025.2.1\bin
[DEBUG] env.JAVACMD: C:\Program Files\Java\jdk-17\bin\java.exe
[DEBUG] env.JAVA_HOME: C:\Program Files\Java\jdk-17
[DEBUG] env.JVMCONFIG: \.mvn\jvm.config
[DEBUG] env.LANG: en_US.UTF-8
[DEBUG] env.LEVEL_ZERO_V1_SDK_PATH: C:\Program Files\LevelZeroSDK\1.24.0\
[DEBUG] env.LOCALAPPDATA: C:\Users\furka\AppData\Local
[DEBUG] env.LOGONSERVER: \\GUNES
[DEBUG] env.MAVEN_CMD_LINE_ARGS: spring-boot:run -X
[DEBUG] env.MAVEN_HOME: C:\apache-maven-3.9.9
[DEBUG] env.MAVEN_PROJECTBASEDIR: C:\Users\furka\Downloads\budget-tracker
[DEBUG] env.NUMBER_OF_PROCESSORS: 8
[DEBUG] env.ONEDRIVE: C:\Users\furka\OneDrive
[DEBUG] env.ORIGINAL_XDG_CURRENT_DESKTOP: undefined
[DEBUG] env.OS: Windows_NT
[DEBUG] env.PAGER: cat
[DEBUG] env.PATH: C:\Windows\System32\HWAudioDriverLibs;C:\Windows\system32;C:\Windows;C:\Windows\System32\Wbem;C:\Windows\System32\WindowsPowerShell\v1.0\;C:\Windows\System32\OpenSSH\;C:\Users\Administrator\AppData\Local\Microsoft\WindowsApps;C:\Program Files\dotnet\;C:\WINDOWS\system32;C:\WINDOWS;C:\WINDOWS\System32\Wbem;C:\WINDOWS\System32\WindowsPowerShell\v1.0\;C:\WINDOWS\System32\OpenSSH\;C:\Program Files\Git\cmd;C:\Program Files\nodejs\;C:\Program Files\Java\jdk-17\bin;C:\apache-maven-3.9.9\bin;C:\Program Files\Docker\Docker\resources\bin;C:\Program Files\Microsoft SQL Server\150\Tools\Binn\;C:\Program Files (x86)\Windows Kits\10\Windows Performance Toolkit\;C:\Users\furka\AppData\Local\Microsoft\WindowsApps;C:\Program Files\Azure Data Studio\bin;C:\Users\furka\AppData\Local\Programs\Microsoft VS Code\bin;C:\Users\furka\AppData\Roaming\npm;C:\Users\furka\AppData\Local\Programs\mongosh\;C:\Program Files\JetBrains\IntelliJ IDEA 2025.2.1\bin;C:\Users\furka\AppData\Local\Programs\Antigravity\bin
[DEBUG] env.PATHEXT: .COM;.EXE;.BAT;.CMD;.VBS;.VBE;.JS;.JSE;.WSF;.WSH;.MSC;.CPL
[DEBUG] env.PROCESSOR_ARCHITECTURE: AMD64
[DEBUG] env.PROCESSOR_IDENTIFIER: Intel64 Family 6 Model 140 Stepping 1, GenuineIntel
[DEBUG] env.PROCESSOR_LEVEL: 6
[DEBUG] env.PROCESSOR_REVISION: 8c01
[DEBUG] env.PROGRAMDATA: C:\ProgramData
[DEBUG] env.PROGRAMFILES: C:\Program Files
[DEBUG] env.PROGRAMFILES(X86): C:\Program Files (x86)
[DEBUG] env.PROGRAMW6432: C:\Program Files
[DEBUG] env.PROMPT: $P$G
[DEBUG] env.PSMODULEPATH: C:\Users\furka\OneDrive\Belgeler\WindowsPowerShell\Modules;C:\Program Files\WindowsPowerShell\Modules;C:\WINDOWS\system32\WindowsPowerShell\v1.0\Modules
[DEBUG] env.PT8HOME: C:\Program Files\Cisco Packet Tracer 8.2.2
[DEBUG] env.PUBLIC: C:\Users\Public
[DEBUG] env.SESSIONNAME: Console
[DEBUG] env.SYSTEMDRIVE: C:
[DEBUG] env.SYSTEMROOT: C:\WINDOWS
[DEBUG] env.TEMP: C:\Users\furka\AppData\Local\Temp
[DEBUG] env.TERM_PROGRAM: vscode
[DEBUG] env.TERM_PROGRAM_VERSION: 1.104.0
[DEBUG] env.TMP: C:\Users\furka\AppData\Local\Temp
[DEBUG] env.USERDOMAIN: GUNES
[DEBUG] env.USERDOMAIN_ROAMINGPROFILE: GUNES
[DEBUG] env.USERNAME: furkan
[DEBUG] env.USERPROFILE: C:\Users\furka
[DEBUG] env.VSCODE_GIT_ASKPASS_EXTRA_ARGS: 
[DEBUG] env.VSCODE_GIT_ASKPASS_MAIN: c:\Users\furka\AppData\Local\Programs\Antigravity\resources\app\extensions\git\dist\askpass-main.js
[DEBUG] env.VSCODE_GIT_ASKPASS_NODE: C:\Users\furka\AppData\Local\Programs\Antigravity\Antigravity.exe
[DEBUG] env.VSCODE_GIT_IPC_HANDLE: \\.\pipe\vscode-git-d2def732b6-sock
[DEBUG] env.VSCODE_INJECTION: 1
[DEBUG] env.VSCODE_JDWP_ADAPTER_ENDPOINTS: c:\Users\furka\.antigravity\extensions\vscjava.vscode-java-debug-0.58.4-universal\.noConfigDebugAdapterEndpoints\endpoint-5ca5b9da38ca2eb4.txt
[DEBUG] env.VSCODE_PYTHON_AUTOACTIVATE_GUARD: 1
[DEBUG] env.WDIR: C:\
[DEBUG] env.WINDIR: C:\WINDOWS
[DEBUG] env.ZES_ENABLE_SYSMAN: 1
[DEBUG] file.encoding: Cp1254
[DEBUG] file.separator: \
[DEBUG] flyway.version: 9.22.3
[DEBUG] freemarker.version: 2.3.32
[DEBUG] git-commit-id-maven-plugin.version: 6.0.0
[DEBUG] glassfish-jaxb.version: 4.0.4
[DEBUG] glassfish-jstl.version: 3.0.1
[DEBUG] graphql-java.version: 21.3
[DEBUG] groovy.version: 4.0.15
[DEBUG] gson.version: 2.10.1
[DEBUG] h2.version: 2.2.224
[DEBUG] hamcrest.version: 2.2
[DEBUG] hazelcast.version: 5.3.6
[DEBUG] hibernate-validator.version: 8.0.1.Final
[DEBUG] hibernate.version: 6.3.1.Final
[DEBUG] hikaricp.version: 5.0.1
[DEBUG] hsqldb.version: 2.7.2
[DEBUG] htmlunit.version: 2.70.0
[DEBUG] httpasyncclient.version: 4.1.5
[DEBUG] httpclient5.version: 5.2.1
[DEBUG] httpcore.version: 4.4.16
[DEBUG] httpcore5.version: 5.2.3
[DEBUG] infinispan.version: 14.0.21.Final
[DEBUG] influxdb-java.version: 2.23
[DEBUG] jackson-bom.version: 2.15.3
[DEBUG] jakarta-activation.version: 2.1.2
[DEBUG] jakarta-annotation.version: 2.1.1
[DEBUG] jakarta-jms.version: 3.1.0
[DEBUG] jakarta-json-bind.version: 3.0.0
[DEBUG] jakarta-json.version: 2.1.3
[DEBUG] jakarta-mail.version: 2.1.2
[DEBUG] jakarta-management.version: 1.1.4
[DEBUG] jakarta-persistence.version: 3.1.0
[DEBUG] jakarta-servlet-jsp-jstl.version: 3.0.0
[DEBUG] jakarta-servlet.version: 6.0.0
[DEBUG] jakarta-transaction.version: 2.0.1
[DEBUG] jakarta-validation.version: 3.0.2
[DEBUG] jakarta-websocket.version: 2.1.1
[DEBUG] jakarta-ws-rs.version: 3.1.0
[DEBUG] jakarta-xml-bind.version: 4.0.1
[DEBUG] jakarta-xml-soap.version: 3.0.1
[DEBUG] jakarta-xml-ws.version: 4.0.1
[DEBUG] janino.version: 3.1.10
[DEBUG] java.class.path: C:\apache-maven-3.9.9\boot\plexus-classworlds-2.8.0.jar
[DEBUG] java.class.version: 61.0
[DEBUG] java.home: C:\Program Files\Java\jdk-17
[DEBUG] java.io.tmpdir: C:\Users\furka\AppData\Local\Temp\
[DEBUG] java.library.path: C:\Program Files\Java\jdk-17\bin;C:\WINDOWS\Sun\Java\bin;C:\WINDOWS\system32;C:\WINDOWS;C:\Windows\System32\HWAudioDriverLibs;C:\Windows\system32;C:\Windows;C:\Windows\System32\Wbem;C:\Windows\System32\WindowsPowerShell\v1.0\;C:\Windows\System32\OpenSSH\;C:\Users\Administrator\AppData\Local\Microsoft\WindowsApps;C:\Program Files\dotnet\;C:\WINDOWS\system32;C:\WINDOWS;C:\WINDOWS\System32\Wbem;C:\WINDOWS\System32\WindowsPowerShell\v1.0\;C:\WINDOWS\System32\OpenSSH\;C:\Program Files\Git\cmd;C:\Program Files\nodejs\;C:\Program Files\Java\jdk-17\bin;C:\apache-maven-3.9.9\bin;C:\Program Files\Docker\Docker\resources\bin;C:\Program Files\Microsoft SQL Server\150\Tools\Binn\;C:\Program Files (x86)\Windows Kits\10\Windows Performance Toolkit\;C:\Users\furka\AppData\Local\Microsoft\WindowsApps;C:\Program Files\Azure Data Studio\bin;C:\Users\furka\AppData\Local\Programs\Microsoft VS Code\bin;C:\Users\furka\AppData\Roaming\npm;C:\Users\furka\AppData\Local\Programs\mongosh\;C:\Program Files\JetBrains\IntelliJ IDEA 2025.2.1\bin;C:\Users\furka\AppData\Local\Programs\Antigravity\bin;.
[DEBUG] java.runtime.name: Java(TM) SE Runtime Environment
[DEBUG] java.runtime.version: 17.0.12+8-LTS-286
[DEBUG] java.specification.name: Java Platform API Specification
[DEBUG] java.specification.vendor: Oracle Corporation
[DEBUG] java.specification.version: 17
[DEBUG] java.vendor: Oracle Corporation
[DEBUG] java.vendor.url: https://java.oracle.com/
[DEBUG] java.vendor.url.bug: https://bugreport.java.com/bugreport/
[DEBUG] java.version: 17.0.12
[DEBUG] java.version.date: 2024-07-16
[DEBUG] java.vm.compressedOopsMode: 32-bit
[DEBUG] java.vm.info: mixed mode, sharing
[DEBUG] java.vm.name: Java HotSpot(TM) 64-Bit Server VM
[DEBUG] java.vm.specification.name: Java Virtual Machine Specification
[DEBUG] java.vm.specification.vendor: Oracle Corporation
[DEBUG] java.vm.specification.version: 17
[DEBUG] java.vm.vendor: Oracle Corporation
[DEBUG] java.vm.version: 17.0.12+8-LTS-286
[DEBUG] javax-cache.version: 1.1.1
[DEBUG] javax-money.version: 1.1
[DEBUG] jaxen.version: 2.0.0
[DEBUG] jaybird.version: 5.0.2.java11
[DEBUG] jboss-logging.version: 3.5.3.Final
[DEBUG] jdk.debug: release
[DEBUG] jdom2.version: 2.0.6.1
[DEBUG] jedis.version: 5.0.2
[DEBUG] jersey.version: 3.1.3
[DEBUG] jetty-reactive-httpclient.version: 4.0.1
[DEBUG] jetty.version: 12.0.3
[DEBUG] jmustache.version: 1.15
[DEBUG] jooq.version: 3.18.7
[DEBUG] json-path.version: 2.8.0
[DEBUG] json-smart.version: 2.5.0
[DEBUG] jsonassert.version: 1.5.1
[DEBUG] jtds.version: 1.3.1
[DEBUG] junit-jupiter.version: 5.10.1
[DEBUG] junit.version: 4.13.2
[DEBUG] kafka.version: 3.6.0
[DEBUG] kotlin-coroutines.version: 1.7.3
[DEBUG] kotlin-serialization.version: 1.6.1
[DEBUG] kotlin.version: 1.9.20
[DEBUG] lettuce.version: 6.3.0.RELEASE
[DEBUG] library.jansi.path: C:\apache-maven-3.9.9\lib\jansi-native
[DEBUG] line.separator: 

[DEBUG] liquibase.version: 4.24.0
[DEBUG] log4j2.version: 2.21.1
[DEBUG] logback.version: 1.4.11
[DEBUG] lombok.version: 1.18.30
[DEBUG] mariadb.version: 3.2.0
[DEBUG] maven-antrun-plugin.version: 3.1.0
[DEBUG] maven-assembly-plugin.version: 3.6.0
[DEBUG] maven-clean-plugin.version: 3.3.2
[DEBUG] maven-compiler-plugin.version: 3.11.0
[DEBUG] maven-dependency-plugin.version: 3.6.1
[DEBUG] maven-deploy-plugin.version: 3.1.1
[DEBUG] maven-enforcer-plugin.version: 3.4.1
[DEBUG] maven-failsafe-plugin.version: 3.1.2
[DEBUG] maven-help-plugin.version: 3.4.0
[DEBUG] maven-install-plugin.version: 3.1.1
[DEBUG] maven-invoker-plugin.version: 3.6.0
[DEBUG] maven-jar-plugin.version: 3.3.0
[DEBUG] maven-javadoc-plugin.version: 3.6.2
[DEBUG] maven-resources-plugin.version: 3.3.1
[DEBUG] maven-shade-plugin.version: 3.5.1
[DEBUG] maven-source-plugin.version: 3.3.0
[DEBUG] maven-surefire-plugin.version: 3.1.2
[DEBUG] maven-war-plugin.version: 3.4.0
[DEBUG] maven.build.timestamp: 2025-12-29T14:31:35Z
[DEBUG] maven.build.version: Apache Maven 3.9.9 (8e8579a9e76f7d015ee5ec7bfcdc97d260186937)
[DEBUG] maven.compiler.release: 17
[DEBUG] maven.conf: C:\apache-maven-3.9.9/conf
[DEBUG] maven.home: C:\apache-maven-3.9.9
[DEBUG] maven.multiModuleProjectDirectory: C:\Users\furka\Downloads\budget-tracker
[DEBUG] maven.version: 3.9.9
[DEBUG] micrometer-tracing.version: 1.2.0
[DEBUG] micrometer.version: 1.12.0
[DEBUG] mockito.version: 5.7.0
[DEBUG] mongodb.version: 4.11.1
[DEBUG] mssql-jdbc.version: 12.4.2.jre11
[DEBUG] mysql.version: 8.1.0
[DEBUG] native-build-tools-plugin.version: 0.9.28
[DEBUG] native.encoding: Cp1254
[DEBUG] nekohtml.version: 1.9.22
[DEBUG] neo4j-java-driver.version: 5.13.0
[DEBUG] netty.version: 4.1.101.Final
[DEBUG] okhttp.version: 4.12.0
[DEBUG] opentelemetry.version: 1.31.0
[DEBUG] oracle-database.version: 23.3.0.23.09
[DEBUG] oracle-r2dbc.version: 1.1.1
[DEBUG] os.arch: amd64
[DEBUG] os.name: Windows 11
[DEBUG] os.version: 10.0
[DEBUG] path.separator: ;
[DEBUG] pooled-jms.version: 3.1.5
[DEBUG] postgresql.version: 42.6.0
[DEBUG] project.baseUri: file:/C:/Users/furka/Downloads/budget-tracker/
[DEBUG] project.build.sourceEncoding: UTF-8
[DEBUG] project.reporting.outputEncoding: UTF-8
[DEBUG] prometheus-client.version: 0.16.0
[DEBUG] pulsar-reactive.version: 0.5.0
[DEBUG] pulsar.version: 3.1.1
[DEBUG] quartz.version: 2.3.2
[DEBUG] querydsl.version: 5.0.0
[DEBUG] r2dbc-h2.version: 1.0.0.RELEASE
[DEBUG] r2dbc-mariadb.version: 1.1.4
[DEBUG] r2dbc-mssql.version: 1.0.2.RELEASE
[DEBUG] r2dbc-mysql.version: 1.0.5
[DEBUG] r2dbc-pool.version: 1.0.1.RELEASE
[DEBUG] r2dbc-postgresql.version: 1.0.2.RELEASE
[DEBUG] r2dbc-proxy.version: 1.1.2.RELEASE
[DEBUG] r2dbc-spi.version: 1.0.0.RELEASE
[DEBUG] rabbit-amqp-client.version: 5.19.0
[DEBUG] rabbit-stream-client.version: 0.14.0
[DEBUG] reactive-streams.version: 1.0.4
[DEBUG] reactor-bom.version: 2023.0.0
[DEBUG] resource.delimiter: @
[DEBUG] rest-assured.version: 5.3.2
[DEBUG] rsocket.version: 1.1.3
[DEBUG] rxjava3.version: 3.1.8
[DEBUG] saaj-impl.version: 3.0.3
[DEBUG] selenium-htmlunit.version: 4.13.0
[DEBUG] selenium.version: 4.14.1
[DEBUG] sendgrid.version: 4.9.3
[DEBUG] slf4j.version: 2.0.9
[DEBUG] snakeyaml.version: 2.2
[DEBUG] spring-amqp.version: 3.1.0
[DEBUG] spring-authorization-server.version: 1.2.0
[DEBUG] spring-batch.version: 5.1.0
[DEBUG] spring-data-bom.version: 2023.1.0
[DEBUG] spring-framework.version: 6.1.1
[DEBUG] spring-graphql.version: 1.2.4
[DEBUG] spring-hateoas.version: 2.2.0
[DEBUG] spring-integration.version: 6.2.0
[DEBUG] spring-kafka.version: 3.1.0
[DEBUG] spring-ldap.version: 3.2.0
[DEBUG] spring-pulsar.version: 1.0.0
[DEBUG] spring-restdocs.version: 3.0.1
[DEBUG] spring-retry.version: 2.0.4
[DEBUG] spring-security.version: 6.2.0
[DEBUG] spring-session.version: 3.2.0
[DEBUG] spring-ws.version: 4.0.8
[DEBUG] sqlite-jdbc.version: 3.43.2.0
[DEBUG] sun.arch.data.model: 64
[DEBUG] sun.boot.library.path: C:\Program Files\Java\jdk-17\bin
[DEBUG] sun.cpu.endian: little
[DEBUG] sun.cpu.isalist: amd64
[DEBUG] sun.io.unicode.encoding: UnicodeLittle
[DEBUG] sun.java.command: org.codehaus.plexus.classworlds.launcher.Launcher spring-boot:run -X
[DEBUG] sun.java.launcher: SUN_STANDARD
[DEBUG] sun.jnu.encoding: Cp1254
[DEBUG] sun.management.compiler: HotSpot 64-Bit Tiered Compilers
[DEBUG] sun.os.patch.level: 
[DEBUG] testcontainers.version: 1.19.3
[DEBUG] thymeleaf-extras-data-attribute.version: 2.0.1
[DEBUG] thymeleaf-extras-springsecurity.version: 3.1.2.RELEASE
[DEBUG] thymeleaf-layout-dialect.version: 3.3.0
[DEBUG] thymeleaf.version: 3.1.2.RELEASE
[DEBUG] tomcat.version: 10.1.16
[DEBUG] unboundid-ldapsdk.version: 6.0.10
[DEBUG] undertow.version: 2.3.10.Final
[DEBUG] user.country: TR
[DEBUG] user.dir: C:\Users\furka\Downloads\budget-tracker
[DEBUG] user.home: C:\Users\furka
[DEBUG] user.language: tr
[DEBUG] user.name: furkan
[DEBUG] user.script: 
[DEBUG] user.variant: 
[DEBUG] versions-maven-plugin.version: 2.16.2
[DEBUG] webjars-locator-core.version: 0.55
[DEBUG] wsdl4j.version: 1.6.3
[DEBUG] xml-maven-plugin.version: 1.1.0
[DEBUG] xmlunit2.version: 2.9.1
[DEBUG] yasson.version: 3.0.3
[DEBUG] Using 'UTF-8' encoding to copy filtered resources.
[DEBUG] Using 'UTF-8' encoding to copy filtered properties files.
[DEBUG] resource with targetPath null
directory C:\Users\furka\Downloads\budget-tracker\src\main\resources
excludes []
includes [**/application*.yml, **/application*.yaml, **/application*.properties]
[DEBUG] ignoreDelta true
[INFO] Copying 1 resource from src\main\resources to target\classes
[DEBUG] Copying file application.properties
[DEBUG] file application.properties has a filtered file extension
[DEBUG] Using 'UTF-8' encoding to copy filtered resource 'application.properties'.
[DEBUG] filtering C:\Users\furka\Downloads\budget-tracker\src\main\resources\application.properties to C:\Users\furka\Downloads\budget-tracker\target\classes\application.properties
[DEBUG] resource with targetPath null
directory C:\Users\furka\Downloads\budget-tracker\src\main\resources
excludes [**/application*.yml, **/application*.yaml, **/application*.properties]
includes []
[DEBUG] ignoreDelta true
[INFO] Copying 0 resource from src\main\resources to target\classes
[DEBUG] no user filter components
[INFO] 
[INFO] --- compiler:3.11.0:compile (default-compile) @ budget-tracker ---
[DEBUG] Using mirror maven-default-http-blocker (http://0.0.0.0/) for apache.snapshots (http://repository.apache.org/snapshots).
[DEBUG] Dependency collection stats {ConflictMarker.analyzeTime=75900, ConflictMarker.markTime=15800, ConflictMarker.nodeCount=17, ConflictIdSorter.graphTime=42200, ConflictIdSorter.topsortTime=11600, ConflictIdSorter.conflictIdCount=12, ConflictIdSorter.conflictIdCycleCount=0, ConflictResolver.totalTime=138900, ConflictResolver.conflictItemCount=17, DfDependencyCollector.collectTime=59659000, DfDependencyCollector.transformTime=297500}
[DEBUG] org.apache.maven.plugins:maven-compiler-plugin:jar:3.11.0
[DEBUG]    org.apache.maven.shared:maven-shared-utils:jar:3.3.4:compile
[DEBUG]       commons-io:commons-io:jar:2.6:compile
[DEBUG]    org.apache.maven.shared:maven-shared-incremental:jar:1.1:compile
[DEBUG]       org.codehaus.plexus:plexus-component-annotations:jar:1.5.5:compile
[DEBUG]    org.codehaus.plexus:plexus-java:jar:1.1.2:compile
[DEBUG]       org.ow2.asm:asm:jar:9.4:compile
[DEBUG]       com.thoughtworks.qdox:qdox:jar:2.0.3:compile (version managed from default)
[DEBUG]    org.codehaus.plexus:plexus-compiler-api:jar:2.13.0:compile
[DEBUG]       org.codehaus.plexus:plexus-utils:jar:3.5.0:compile (version managed from default)
[DEBUG]    org.codehaus.plexus:plexus-compiler-manager:jar:2.13.0:compile
[DEBUG]    org.codehaus.plexus:plexus-compiler-javac:jar:2.13.0:runtime
[DEBUG] Created new class realm plugin>org.apache.maven.plugins:maven-compiler-plugin:3.11.0
[DEBUG] Importing foreign packages into class realm plugin>org.apache.maven.plugins:maven-compiler-plugin:3.11.0
[DEBUG]   Imported:  < maven.api
[DEBUG] Populating class realm plugin>org.apache.maven.plugins:maven-compiler-plugin:3.11.0
[DEBUG]   Included: org.apache.maven.plugins:maven-compiler-plugin:jar:3.11.0
[DEBUG]   Included: org.apache.maven.shared:maven-shared-utils:jar:3.3.4
[DEBUG]   Included: commons-io:commons-io:jar:2.6
[DEBUG]   Included: org.apache.maven.shared:maven-shared-incremental:jar:1.1
[DEBUG]   Included: org.codehaus.plexus:plexus-component-annotations:jar:1.5.5
[DEBUG]   Included: org.codehaus.plexus:plexus-java:jar:1.1.2
[DEBUG]   Included: org.ow2.asm:asm:jar:9.4
[DEBUG]   Included: com.thoughtworks.qdox:qdox:jar:2.0.3
[DEBUG]   Included: org.codehaus.plexus:plexus-compiler-api:jar:2.13.0
[DEBUG]   Included: org.codehaus.plexus:plexus-utils:jar:3.5.0
[DEBUG]   Included: org.codehaus.plexus:plexus-compiler-manager:jar:2.13.0
[DEBUG]   Included: org.codehaus.plexus:plexus-compiler-javac:jar:2.13.0
[DEBUG] Loading mojo org.apache.maven.plugins:maven-compiler-plugin:3.11.0:compile from plugin realm ClassRealm[plugin>org.apache.maven.plugins:maven-compiler-plugin:3.11.0, parent: jdk.internal.loader.ClassLoaders$AppClassLoader@2a139a55]
[DEBUG] Configuring mojo execution 'org.apache.maven.plugins:maven-compiler-plugin:3.11.0:compile:default-compile' with basic configurator -->
[DEBUG]   (f) basedir = C:\Users\furka\Downloads\budget-tracker
[DEBUG]   (f) buildDirectory = C:\Users\furka\Downloads\budget-tracker\target
[DEBUG]   (f) compilePath = [C:\Users\furka\Downloads\budget-tracker\target\classes, C:\Users\furka\.m2\repository\org\springframework\boot\spring-boot-starter-web\3.2.0\spring-boot-starter-web-3.2.0.jar, C:\Users\furka\.m2\repository\org\springframework\boot\spring-boot-starter\3.2.0\spring-boot-starter-3.2.0.jar, C:\Users\furka\.m2\repository\org\springframework\boot\spring-boot\3.2.0\spring-boot-3.2.0.jar, C:\Users\furka\.m2\repository\org\springframework\boot\spring-boot-autoconfigure\3.2.0\spring-boot-autoconfigure-3.2.0.jar, C:\Users\furka\.m2\repository\org\springframework\boot\spring-boot-starter-logging\3.2.0\spring-boot-starter-logging-3.2.0.jar, C:\Users\furka\.m2\repository\ch\qos\logback\logback-classic\1.4.11\logback-classic-1.4.11.jar, C:\Users\furka\.m2\repository\ch\qos\logback\logback-core\1.4.11\logback-core-1.4.11.jar, C:\Users\furka\.m2\repository\org\apache\logging\log4j\log4j-to-slf4j\2.21.1\log4j-to-slf4j-2.21.1.jar, C:\Users\furka\.m2\repository\org\apache\logging\log4j\log4j-api\2.21.1\log4j-api-2.21.1.jar, C:\Users\furka\.m2\repository\org\slf4j\jul-to-slf4j\2.0.9\jul-to-slf4j-2.0.9.jar, C:\Users\furka\.m2\repository\jakarta\annotation\jakarta.annotation-api\2.1.1\jakarta.annotation-api-2.1.1.jar, C:\Users\furka\.m2\repository\org\yaml\snakeyaml\2.2\snakeyaml-2.2.jar, C:\Users\furka\.m2\repository\org\springframework\boot\spring-boot-starter-json\3.2.0\spring-boot-starter-json-3.2.0.jar, C:\Users\furka\.m2\repository\com\fasterxml\jackson\datatype\jackson-datatype-jdk8\2.15.3\jackson-datatype-jdk8-2.15.3.jar, C:\Users\furka\.m2\repository\com\fasterxml\jackson\datatype\jackson-datatype-jsr310\2.15.3\jackson-datatype-jsr310-2.15.3.jar, C:\Users\furka\.m2\repository\com\fasterxml\jackson\module\jackson-module-parameter-names\2.15.3\jackson-module-parameter-names-2.15.3.jar, C:\Users\furka\.m2\repository\org\springframework\boot\spring-boot-starter-tomcat\3.2.0\spring-boot-starter-tomcat-3.2.0.jar, C:\Users\furka\.m2\repository\org\apache\tomcat\embed\tomcat-embed-core\10.1.16\tomcat-embed-core-10.1.16.jar, C:\Users\furka\.m2\repository\org\apache\tomcat\embed\tomcat-embed-websocket\10.1.16\tomcat-embed-websocket-10.1.16.jar, C:\Users\furka\.m2\repository\org\springframework\spring-web\6.1.1\spring-web-6.1.1.jar, C:\Users\furka\.m2\repository\org\springframework\spring-beans\6.1.1\spring-beans-6.1.1.jar, C:\Users\furka\.m2\repository\io\micrometer\micrometer-observation\1.12.0\micrometer-observation-1.12.0.jar, C:\Users\furka\.m2\repository\io\micrometer\micrometer-commons\1.12.0\micrometer-commons-1.12.0.jar, C:\Users\furka\.m2\repository\org\springframework\spring-webmvc\6.1.1\spring-webmvc-6.1.1.jar, C:\Users\furka\.m2\repository\org\springframework\spring-context\6.1.1\spring-context-6.1.1.jar, C:\Users\furka\.m2\repository\org\springframework\spring-expression\6.1.1\spring-expression-6.1.1.jar, C:\Users\furka\.m2\repository\org\springframework\boot\spring-boot-starter-data-jpa\3.2.0\spring-boot-starter-data-jpa-3.2.0.jar, C:\Users\furka\.m2\repository\org\springframework\boot\spring-boot-starter-aop\3.2.0\spring-boot-starter-aop-3.2.0.jar, C:\Users\furka\.m2\repository\org\aspectj\aspectjweaver\1.9.20.1\aspectjweaver-1.9.20.1.jar, C:\Users\furka\.m2\repository\org\springframework\boot\spring-boot-starter-jdbc\3.2.0\spring-boot-starter-jdbc-3.2.0.jar, C:\Users\furka\.m2\repository\com\zaxxer\HikariCP\5.0.1\HikariCP-5.0.1.jar, C:\Users\furka\.m2\repository\org\springframework\spring-jdbc\6.1.1\spring-jdbc-6.1.1.jar, C:\Users\furka\.m2\repository\org\hibernate\orm\hibernate-core\6.3.1.Final\hibernate-core-6.3.1.Final.jar, C:\Users\furka\.m2\repository\jakarta\persistence\jakarta.persistence-api\3.1.0\jakarta.persistence-api-3.1.0.jar, C:\Users\furka\.m2\repository\jakarta\transaction\jakarta.transaction-api\2.0.1\jakarta.transaction-api-2.0.1.jar, C:\Users\furka\.m2\repository\org\jboss\logging\jboss-logging\3.5.3.Final\jboss-logging-3.5.3.Final.jar, C:\Users\furka\.m2\repository\com\fasterxml\classmate\1.6.0\classmate-1.6.0.jar, C:\Users\furka\.m2\repository\org\antlr\antlr4-runtime\4.10.1\antlr4-runtime-4.10.1.jar, C:\Users\furka\.m2\repository\org\springframework\data\spring-data-jpa\3.2.0\spring-data-jpa-3.2.0.jar, C:\Users\furka\.m2\repository\org\springframework\data\spring-data-commons\3.2.0\spring-data-commons-3.2.0.jar, C:\Users\furka\.m2\repository\org\springframework\spring-orm\6.1.1\spring-orm-6.1.1.jar, C:\Users\furka\.m2\repository\org\springframework\spring-tx\6.1.1\spring-tx-6.1.1.jar, C:\Users\furka\.m2\repository\org\slf4j\slf4j-api\2.0.9\slf4j-api-2.0.9.jar, C:\Users\furka\.m2\repository\org\springframework\spring-aspects\6.1.1\spring-aspects-6.1.1.jar, C:\Users\furka\.m2\repository\org\springframework\boot\spring-boot-starter-security\3.2.0\spring-boot-starter-security-3.2.0.jar, C:\Users\furka\.m2\repository\org\springframework\spring-aop\6.1.1\spring-aop-6.1.1.jar, C:\Users\furka\.m2\repository\org\springframework\security\spring-security-config\6.2.0\spring-security-config-6.2.0.jar, C:\Users\furka\.m2\repository\org\springframework\security\spring-security-core\6.2.0\spring-security-core-6.2.0.jar, C:\Users\furka\.m2\repository\org\springframework\security\spring-security-crypto\6.2.0\spring-security-crypto-6.2.0.jar, C:\Users\furka\.m2\repository\org\springframework\security\spring-security-web\6.2.0\spring-security-web-6.2.0.jar, C:\Users\furka\.m2\repository\org\springframework\boot\spring-boot-starter-validation\3.2.0\spring-boot-starter-validation-3.2.0.jar, C:\Users\furka\.m2\repository\org\apache\tomcat\embed\tomcat-embed-el\10.1.16\tomcat-embed-el-10.1.16.jar, C:\Users\furka\.m2\repository\org\hibernate\validator\hibernate-validator\8.0.1.Final\hibernate-validator-8.0.1.Final.jar, C:\Users\furka\.m2\repository\jakarta\validation\jakarta.validation-api\3.0.2\jakarta.validation-api-3.0.2.jar, C:\Users\furka\.m2\repository\io\jsonwebtoken\jjwt-api\0.11.5\jjwt-api-0.11.5.jar, C:\Users\furka\.m2\repository\com\fasterxml\jackson\core\jackson-databind\2.15.3\jackson-databind-2.15.3.jar, C:\Users\furka\.m2\repository\com\fasterxml\jackson\core\jackson-annotations\2.15.3\jackson-annotations-2.15.3.jar, C:\Users\furka\.m2\repository\com\fasterxml\jackson\core\jackson-core\2.15.3\jackson-core-2.15.3.jar, C:\Users\furka\.m2\repository\org\projectlombok\lombok\1.18.30\lombok-1.18.30.jar, C:\Users\furka\.m2\repository\org\springframework\spring-core\6.1.1\spring-core-6.1.1.jar, C:\Users\furka\.m2\repository\org\springframework\spring-jcl\6.1.1\spring-jcl-6.1.1.jar]
[DEBUG]   (f) compileSourceRoots = [C:\Users\furka\Downloads\budget-tracker\src\main\java]
[DEBUG]   (f) compilerId = javac
[DEBUG]   (f) createMissingPackageInfoClass = true
[DEBUG]   (f) debug = true
[DEBUG]   (f) debugFileName = javac
[DEBUG]   (f) enablePreview = false
[DEBUG]   (f) encoding = UTF-8
[DEBUG]   (f) failOnError = true
[DEBUG]   (f) failOnWarning = false
[DEBUG]   (f) forceJavacCompilerUse = false
[DEBUG]   (f) fork = false
[DEBUG]   (f) generatedSourcesDirectory = C:\Users\furka\Downloads\budget-tracker\target\generated-sources\annotations
[DEBUG]   (f) mojoExecution = org.apache.maven.plugins:maven-compiler-plugin:3.11.0:compile {execution: default-compile}
[DEBUG]   (f) optimize = false
[DEBUG]   (f) outputDirectory = C:\Users\furka\Downloads\budget-tracker\target\classes
[DEBUG]   (f) parameters = true
[DEBUG]   (f) project = MavenProject: com.budget:budget-tracker:1.0.0 @ C:\Users\furka\Downloads\budget-tracker\pom.xml
[DEBUG]   (f) projectArtifact = com.budget:budget-tracker:jar:1.0.0
[DEBUG]   (s) release = 17
[DEBUG]   (f) session = org.apache.maven.execution.MavenSession@6c841199
[DEBUG]   (f) showCompilationChanges = false
[DEBUG]   (f) showDeprecation = false
[DEBUG]   (f) showWarnings = true
[DEBUG]   (f) skipMultiThreadWarning = false
[DEBUG]   (f) source = 1.8
[DEBUG]   (f) staleMillis = 0
[DEBUG]   (s) target = 1.8
[DEBUG]   (f) useIncrementalCompilation = true
[DEBUG]   (f) verbose = false
[DEBUG] -- end configuration --
[DEBUG] Using compiler 'javac'.
[DEBUG] Adding C:\Users\furka\Downloads\budget-tracker\target\generated-sources\annotations to compile source roots:
  C:\Users\furka\Downloads\budget-tracker\src\main\java
[DEBUG] New compile source roots:
  C:\Users\furka\Downloads\budget-tracker\src\main\java
  C:\Users\furka\Downloads\budget-tracker\target\generated-sources\annotations
[DEBUG] CompilerReuseStrategy: reuseCreated
[DEBUG] useIncrementalCompilation enabled
[INFO] Nothing to compile - all classes are up to date
[INFO] 
[INFO] --- resources:3.3.1:testResources (default-testResources) @ budget-tracker ---
[DEBUG] Loading mojo org.apache.maven.plugins:maven-resources-plugin:3.3.1:testResources from plugin realm ClassRealm[plugin>org.apache.maven.plugins:maven-resources-plugin:3.3.1, parent: jdk.internal.loader.ClassLoaders$AppClassLoader@2a139a55]
[DEBUG] Configuring mojo execution 'org.apache.maven.plugins:maven-resources-plugin:3.3.1:testResources:default-testResources' with basic configurator -->
[DEBUG]   (f) addDefaultExcludes = true
[DEBUG]   (f) buildFilters = []
[DEBUG]   (s) delimiters = [@]
[DEBUG]   (f) encoding = UTF-8
[DEBUG]   (f) escapeWindowsPaths = true
[DEBUG]   (f) fileNameFiltering = false
[DEBUG]   (s) includeEmptyDirs = false
[DEBUG]   (s) outputDirectory = C:\Users\furka\Downloads\budget-tracker\target\test-classes
[DEBUG]   (s) overwrite = false
[DEBUG]   (f) project = MavenProject: com.budget:budget-tracker:1.0.0 @ C:\Users\furka\Downloads\budget-tracker\pom.xml
[DEBUG]   (f) propertiesEncoding = UTF-8
[DEBUG]   (s) resources = [Resource {targetPath: null, filtering: false, FileSet {directory: C:\Users\furka\Downloads\budget-tracker\src\test\resources, PatternSet [includes: {}, excludes: {}]}}]
[DEBUG]   (f) session = org.apache.maven.execution.MavenSession@6c841199
[DEBUG]   (f) skip = false
[DEBUG]   (f) supportMultiLineFiltering = false
[DEBUG]   (f) useBuildFilters = true
[DEBUG]   (s) useDefaultDelimiters = false
[DEBUG] -- end configuration --
[DEBUG] properties used:
[DEBUG] activemq.version: 5.18.3
[DEBUG] angus-mail.version: 2.0.2
[DEBUG] artemis.version: 2.31.2
[DEBUG] aspectj.version: 1.9.20.1
[DEBUG] assertj.version: 3.24.2
[DEBUG] awaitility.version: 4.2.0
[DEBUG] brave.version: 5.16.0
[DEBUG] build-helper-maven-plugin.version: 3.4.0
[DEBUG] byte-buddy.version: 1.14.10
[DEBUG] cache2k.version: 2.6.1.Final
[DEBUG] caffeine.version: 3.1.8
[DEBUG] cassandra-driver.version: 4.17.0
[DEBUG] classmate.version: 1.6.0
[DEBUG] classworlds.conf: C:\apache-maven-3.9.9\bin\m2.conf
[DEBUG] commons-codec.version: 1.16.0
[DEBUG] commons-dbcp2.version: 2.10.0
[DEBUG] commons-lang3.version: 3.13.0
[DEBUG] commons-pool.version: 1.6
[DEBUG] commons-pool2.version: 2.12.0
[DEBUG] couchbase-client.version: 3.4.11
[DEBUG] crac.version: 1.4.0
[DEBUG] db2-jdbc.version: 11.5.9.0
[DEBUG] dependency-management-plugin.version: 1.1.4
[DEBUG] derby.version: 10.16.1.1
[DEBUG] dropwizard-metrics.version: 4.2.22
[DEBUG] ehcache3.version: 3.10.8
[DEBUG] elasticsearch-client.version: 8.10.4
[DEBUG] env.=C:: C:\Users\furka\Downloads\budget-tracker
[DEBUG] env.ALLUSERSPROFILE: C:\ProgramData
[DEBUG] env.ANTIGRAVITY_AGENT: 1
[DEBUG] env.ANTIGRAVITY_CLI_ALIAS: agy
[DEBUG] env.APPDATA: C:\Users\furka\AppData\Roaming
[DEBUG] env.CHROME_CRASHPAD_PIPE_NAME: \\.\pipe\crashpad_23180_SRGVNPCMCRDHPNGP
[DEBUG] env.CLASSWORLDS_JAR: "C:\apache-maven-3.9.9\boot\plexus-classworlds-2.8.0.jar"
[DEBUG] env.CLASSWORLDS_LAUNCHER: org.codehaus.plexus.classworlds.launcher.Launcher
[DEBUG] env.COLORTERM: truecolor
[DEBUG] env.COMMONPROGRAMFILES: C:\Program Files\Common Files
[DEBUG] env.COMMONPROGRAMFILES(X86): C:\Program Files (x86)\Common Files
[DEBUG] env.COMMONPROGRAMW6432: C:\Program Files\Common Files
[DEBUG] env.COMPUTERNAME: GUNES
[DEBUG] env.COMSPEC: C:\WINDOWS\system32\cmd.exe
[DEBUG] env.DRIVERDATA: C:\Windows\System32\Drivers\DriverData
[DEBUG] env.EFC_11392_1262719628: 1
[DEBUG] env.EFC_11392_1592913036: 1
[DEBUG] env.EFC_11392_2283032206: 1
[DEBUG] env.EFC_11392_2775293581: 1
[DEBUG] env.EFC_11392_3789132940: 1
[DEBUG] env.ERROR_CODE: 0
[DEBUG] env.EXEC_DIR: C:\Users\furka\Downloads\budget-tracker
[DEBUG] env.FPS_BROWSER_APP_PROFILE_STRING: Internet Explorer
[DEBUG] env.FPS_BROWSER_USER_PROFILE_STRING: Default
[DEBUG] env.GIT_ASKPASS: c:\Users\furka\AppData\Local\Programs\Antigravity\resources\app\extensions\git\dist\askpass.sh
[DEBUG] env.HOMEDRIVE: C:
[DEBUG] env.HOMEPATH: \Users\furka
[DEBUG] env.IGCCSVC_DB: AQAAANCMnd8BFdERjHoAwE/Cl+sBAAAAX0E3IT0HdECw0v84WOQyFwQAAAACAAAAAAAQZgAAAAEAACAAAAA8GJczuFqMqhG+SWPhavqbG1VFotq5+2niPCVUpAh74wAAAAAOgAAAAAIAACAAAABLwt/12lFA+62rrVuwQdv55f9B9le8QZJrgQecXap7nGAAAACAGp2kvjh4CPoAwY7vXrcN1aWnkLiLtTIpTxSP+AIifI3/4xKuxaqSukYdMXulmP7MVTOhE8cK5dyhvB2Rn7LaLTsUbcdWNPD2D74N4aWjOfr6ILslhO8pgzWvJ3Uv+WNAAAAA+my9TUy7dgY5F6y7txYAebdYlNGVcMJQ8AsN6skgHsBiLP0Y0z4xvUcp+uqMTXaqLrB4XtbUPyb00PS+TFs6gw==
[DEBUG] env.INTELLIJ IDEA: C:\Program Files\JetBrains\IntelliJ IDEA 2025.2.1\bin
[DEBUG] env.JAVACMD: C:\Program Files\Java\jdk-17\bin\java.exe
[DEBUG] env.JAVA_HOME: C:\Program Files\Java\jdk-17
[DEBUG] env.JVMCONFIG: \.mvn\jvm.config
[DEBUG] env.LANG: en_US.UTF-8
[DEBUG] env.LEVEL_ZERO_V1_SDK_PATH: C:\Program Files\LevelZeroSDK\1.24.0\
[DEBUG] env.LOCALAPPDATA: C:\Users\furka\AppData\Local
[DEBUG] env.LOGONSERVER: \\GUNES
[DEBUG] env.MAVEN_CMD_LINE_ARGS: spring-boot:run -X
[DEBUG] env.MAVEN_HOME: C:\apache-maven-3.9.9
[DEBUG] env.MAVEN_PROJECTBASEDIR: C:\Users\furka\Downloads\budget-tracker
[DEBUG] env.NUMBER_OF_PROCESSORS: 8
[DEBUG] env.ONEDRIVE: C:\Users\furka\OneDrive
[DEBUG] env.ORIGINAL_XDG_CURRENT_DESKTOP: undefined
[DEBUG] env.OS: Windows_NT
[DEBUG] env.PAGER: cat
[DEBUG] env.PATH: C:\Windows\System32\HWAudioDriverLibs;C:\Windows\system32;C:\Windows;C:\Windows\System32\Wbem;C:\Windows\System32\WindowsPowerShell\v1.0\;C:\Windows\System32\OpenSSH\;C:\Users\Administrator\AppData\Local\Microsoft\WindowsApps;C:\Program Files\dotnet\;C:\WINDOWS\system32;C:\WINDOWS;C:\WINDOWS\System32\Wbem;C:\WINDOWS\System32\WindowsPowerShell\v1.0\;C:\WINDOWS\System32\OpenSSH\;C:\Program Files\Git\cmd;C:\Program Files\nodejs\;C:\Program Files\Java\jdk-17\bin;C:\apache-maven-3.9.9\bin;C:\Program Files\Docker\Docker\resources\bin;C:\Program Files\Microsoft SQL Server\150\Tools\Binn\;C:\Program Files (x86)\Windows Kits\10\Windows Performance Toolkit\;C:\Users\furka\AppData\Local\Microsoft\WindowsApps;C:\Program Files\Azure Data Studio\bin;C:\Users\furka\AppData\Local\Programs\Microsoft VS Code\bin;C:\Users\furka\AppData\Roaming\npm;C:\Users\furka\AppData\Local\Programs\mongosh\;C:\Program Files\JetBrains\IntelliJ IDEA 2025.2.1\bin;C:\Users\furka\AppData\Local\Programs\Antigravity\bin
[DEBUG] env.PATHEXT: .COM;.EXE;.BAT;.CMD;.VBS;.VBE;.JS;.JSE;.WSF;.WSH;.MSC;.CPL
[DEBUG] env.PROCESSOR_ARCHITECTURE: AMD64
[DEBUG] env.PROCESSOR_IDENTIFIER: Intel64 Family 6 Model 140 Stepping 1, GenuineIntel
[DEBUG] env.PROCESSOR_LEVEL: 6
[DEBUG] env.PROCESSOR_REVISION: 8c01
[DEBUG] env.PROGRAMDATA: C:\ProgramData
[DEBUG] env.PROGRAMFILES: C:\Program Files
[DEBUG] env.PROGRAMFILES(X86): C:\Program Files (x86)
[DEBUG] env.PROGRAMW6432: C:\Program Files
[DEBUG] env.PROMPT: $P$G
[DEBUG] env.PSMODULEPATH: C:\Users\furka\OneDrive\Belgeler\WindowsPowerShell\Modules;C:\Program Files\WindowsPowerShell\Modules;C:\WINDOWS\system32\WindowsPowerShell\v1.0\Modules
[DEBUG] env.PT8HOME: C:\Program Files\Cisco Packet Tracer 8.2.2
[DEBUG] env.PUBLIC: C:\Users\Public
[DEBUG] env.SESSIONNAME: Console
[DEBUG] env.SYSTEMDRIVE: C:
[DEBUG] env.SYSTEMROOT: C:\WINDOWS
[DEBUG] env.TEMP: C:\Users\furka\AppData\Local\Temp
[DEBUG] env.TERM_PROGRAM: vscode
[DEBUG] env.TERM_PROGRAM_VERSION: 1.104.0
[DEBUG] env.TMP: C:\Users\furka\AppData\Local\Temp
[DEBUG] env.USERDOMAIN: GUNES
[DEBUG] env.USERDOMAIN_ROAMINGPROFILE: GUNES
[DEBUG] env.USERNAME: furkan
[DEBUG] env.USERPROFILE: C:\Users\furka
[DEBUG] env.VSCODE_GIT_ASKPASS_EXTRA_ARGS: 
[DEBUG] env.VSCODE_GIT_ASKPASS_MAIN: c:\Users\furka\AppData\Local\Programs\Antigravity\resources\app\extensions\git\dist\askpass-main.js
[DEBUG] env.VSCODE_GIT_ASKPASS_NODE: C:\Users\furka\AppData\Local\Programs\Antigravity\Antigravity.exe
[DEBUG] env.VSCODE_GIT_IPC_HANDLE: \\.\pipe\vscode-git-d2def732b6-sock
[DEBUG] env.VSCODE_INJECTION: 1
[DEBUG] env.VSCODE_JDWP_ADAPTER_ENDPOINTS: c:\Users\furka\.antigravity\extensions\vscjava.vscode-java-debug-0.58.4-universal\.noConfigDebugAdapterEndpoints\endpoint-5ca5b9da38ca2eb4.txt
[DEBUG] env.VSCODE_PYTHON_AUTOACTIVATE_GUARD: 1
[DEBUG] env.WDIR: C:\
[DEBUG] env.WINDIR: C:\WINDOWS
[DEBUG] env.ZES_ENABLE_SYSMAN: 1
[DEBUG] file.encoding: Cp1254
[DEBUG] file.separator: \
[DEBUG] flyway.version: 9.22.3
[DEBUG] freemarker.version: 2.3.32
[DEBUG] git-commit-id-maven-plugin.version: 6.0.0
[DEBUG] glassfish-jaxb.version: 4.0.4
[DEBUG] glassfish-jstl.version: 3.0.1
[DEBUG] graphql-java.version: 21.3
[DEBUG] groovy.version: 4.0.15
[DEBUG] gson.version: 2.10.1
[DEBUG] h2.version: 2.2.224
[DEBUG] hamcrest.version: 2.2
[DEBUG] hazelcast.version: 5.3.6
[DEBUG] hibernate-validator.version: 8.0.1.Final
[DEBUG] hibernate.version: 6.3.1.Final
[DEBUG] hikaricp.version: 5.0.1
[DEBUG] hsqldb.version: 2.7.2
[DEBUG] htmlunit.version: 2.70.0
[DEBUG] httpasyncclient.version: 4.1.5
[DEBUG] httpclient5.version: 5.2.1
[DEBUG] httpcore.version: 4.4.16
[DEBUG] httpcore5.version: 5.2.3
[DEBUG] infinispan.version: 14.0.21.Final
[DEBUG] influxdb-java.version: 2.23
[DEBUG] jackson-bom.version: 2.15.3
[DEBUG] jakarta-activation.version: 2.1.2
[DEBUG] jakarta-annotation.version: 2.1.1
[DEBUG] jakarta-jms.version: 3.1.0
[DEBUG] jakarta-json-bind.version: 3.0.0
[DEBUG] jakarta-json.version: 2.1.3
[DEBUG] jakarta-mail.version: 2.1.2
[DEBUG] jakarta-management.version: 1.1.4
[DEBUG] jakarta-persistence.version: 3.1.0
[DEBUG] jakarta-servlet-jsp-jstl.version: 3.0.0
[DEBUG] jakarta-servlet.version: 6.0.0
[DEBUG] jakarta-transaction.version: 2.0.1
[DEBUG] jakarta-validation.version: 3.0.2
[DEBUG] jakarta-websocket.version: 2.1.1
[DEBUG] jakarta-ws-rs.version: 3.1.0
[DEBUG] jakarta-xml-bind.version: 4.0.1
[DEBUG] jakarta-xml-soap.version: 3.0.1
[DEBUG] jakarta-xml-ws.version: 4.0.1
[DEBUG] janino.version: 3.1.10
[DEBUG] java.class.path: C:\apache-maven-3.9.9\boot\plexus-classworlds-2.8.0.jar
[DEBUG] java.class.version: 61.0
[DEBUG] java.home: C:\Program Files\Java\jdk-17
[DEBUG] java.io.tmpdir: C:\Users\furka\AppData\Local\Temp\
[DEBUG] java.library.path: C:\Program Files\Java\jdk-17\bin;C:\WINDOWS\Sun\Java\bin;C:\WINDOWS\system32;C:\WINDOWS;C:\Windows\System32\HWAudioDriverLibs;C:\Windows\system32;C:\Windows;C:\Windows\System32\Wbem;C:\Windows\System32\WindowsPowerShell\v1.0\;C:\Windows\System32\OpenSSH\;C:\Users\Administrator\AppData\Local\Microsoft\WindowsApps;C:\Program Files\dotnet\;C:\WINDOWS\system32;C:\WINDOWS;C:\WINDOWS\System32\Wbem;C:\WINDOWS\System32\WindowsPowerShell\v1.0\;C:\WINDOWS\System32\OpenSSH\;C:\Program Files\Git\cmd;C:\Program Files\nodejs\;C:\Program Files\Java\jdk-17\bin;C:\apache-maven-3.9.9\bin;C:\Program Files\Docker\Docker\resources\bin;C:\Program Files\Microsoft SQL Server\150\Tools\Binn\;C:\Program Files (x86)\Windows Kits\10\Windows Performance Toolkit\;C:\Users\furka\AppData\Local\Microsoft\WindowsApps;C:\Program Files\Azure Data Studio\bin;C:\Users\furka\AppData\Local\Programs\Microsoft VS Code\bin;C:\Users\furka\AppData\Roaming\npm;C:\Users\furka\AppData\Local\Programs\mongosh\;C:\Program Files\JetBrains\IntelliJ IDEA 2025.2.1\bin;C:\Users\furka\AppData\Local\Programs\Antigravity\bin;.
[DEBUG] java.runtime.name: Java(TM) SE Runtime Environment
[DEBUG] java.runtime.version: 17.0.12+8-LTS-286
[DEBUG] java.specification.name: Java Platform API Specification
[DEBUG] java.specification.vendor: Oracle Corporation
[DEBUG] java.specification.version: 17
[DEBUG] java.vendor: Oracle Corporation
[DEBUG] java.vendor.url: https://java.oracle.com/
[DEBUG] java.vendor.url.bug: https://bugreport.java.com/bugreport/
[DEBUG] java.version: 17.0.12
[DEBUG] java.version.date: 2024-07-16
[DEBUG] java.vm.compressedOopsMode: 32-bit
[DEBUG] java.vm.info: mixed mode, sharing
[DEBUG] java.vm.name: Java HotSpot(TM) 64-Bit Server VM
[DEBUG] java.vm.specification.name: Java Virtual Machine Specification
[DEBUG] java.vm.specification.vendor: Oracle Corporation
[DEBUG] java.vm.specification.version: 17
[DEBUG] java.vm.vendor: Oracle Corporation
[DEBUG] java.vm.version: 17.0.12+8-LTS-286
[DEBUG] javax-cache.version: 1.1.1
[DEBUG] javax-money.version: 1.1
[DEBUG] jaxen.version: 2.0.0
[DEBUG] jaybird.version: 5.0.2.java11
[DEBUG] jboss-logging.version: 3.5.3.Final
[DEBUG] jdk.debug: release
[DEBUG] jdom2.version: 2.0.6.1
[DEBUG] jedis.version: 5.0.2
[DEBUG] jersey.version: 3.1.3
[DEBUG] jetty-reactive-httpclient.version: 4.0.1
[DEBUG] jetty.version: 12.0.3
[DEBUG] jmustache.version: 1.15
[DEBUG] jooq.version: 3.18.7
[DEBUG] json-path.version: 2.8.0
[DEBUG] json-smart.version: 2.5.0
[DEBUG] jsonassert.version: 1.5.1
[DEBUG] jtds.version: 1.3.1
[DEBUG] junit-jupiter.version: 5.10.1
[DEBUG] junit.version: 4.13.2
[DEBUG] kafka.version: 3.6.0
[DEBUG] kotlin-coroutines.version: 1.7.3
[DEBUG] kotlin-serialization.version: 1.6.1
[DEBUG] kotlin.version: 1.9.20
[DEBUG] lettuce.version: 6.3.0.RELEASE
[DEBUG] library.jansi.path: C:\apache-maven-3.9.9\lib\jansi-native
[DEBUG] line.separator: 

[DEBUG] liquibase.version: 4.24.0
[DEBUG] log4j2.version: 2.21.1
[DEBUG] logback.version: 1.4.11
[DEBUG] lombok.version: 1.18.30
[DEBUG] mariadb.version: 3.2.0
[DEBUG] maven-antrun-plugin.version: 3.1.0
[DEBUG] maven-assembly-plugin.version: 3.6.0
[DEBUG] maven-clean-plugin.version: 3.3.2
[DEBUG] maven-compiler-plugin.version: 3.11.0
[DEBUG] maven-dependency-plugin.version: 3.6.1
[DEBUG] maven-deploy-plugin.version: 3.1.1
[DEBUG] maven-enforcer-plugin.version: 3.4.1
[DEBUG] maven-failsafe-plugin.version: 3.1.2
[DEBUG] maven-help-plugin.version: 3.4.0
[DEBUG] maven-install-plugin.version: 3.1.1
[DEBUG] maven-invoker-plugin.version: 3.6.0
[DEBUG] maven-jar-plugin.version: 3.3.0
[DEBUG] maven-javadoc-plugin.version: 3.6.2
[DEBUG] maven-resources-plugin.version: 3.3.1
[DEBUG] maven-shade-plugin.version: 3.5.1
[DEBUG] maven-source-plugin.version: 3.3.0
[DEBUG] maven-surefire-plugin.version: 3.1.2
[DEBUG] maven-war-plugin.version: 3.4.0
[DEBUG] maven.build.timestamp: 2025-12-29T14:31:35Z
[DEBUG] maven.build.version: Apache Maven 3.9.9 (8e8579a9e76f7d015ee5ec7bfcdc97d260186937)
[DEBUG] maven.compiler.release: 17
[DEBUG] maven.conf: C:\apache-maven-3.9.9/conf
[DEBUG] maven.home: C:\apache-maven-3.9.9
[DEBUG] maven.multiModuleProjectDirectory: C:\Users\furka\Downloads\budget-tracker
[DEBUG] maven.version: 3.9.9
[DEBUG] micrometer-tracing.version: 1.2.0
[DEBUG] micrometer.version: 1.12.0
[DEBUG] mockito.version: 5.7.0
[DEBUG] mongodb.version: 4.11.1
[DEBUG] mssql-jdbc.version: 12.4.2.jre11
[DEBUG] mysql.version: 8.1.0
[DEBUG] native-build-tools-plugin.version: 0.9.28
[DEBUG] native.encoding: Cp1254
[DEBUG] nekohtml.version: 1.9.22
[DEBUG] neo4j-java-driver.version: 5.13.0
[DEBUG] netty.version: 4.1.101.Final
[DEBUG] okhttp.version: 4.12.0
[DEBUG] opentelemetry.version: 1.31.0
[DEBUG] oracle-database.version: 23.3.0.23.09
[DEBUG] oracle-r2dbc.version: 1.1.1
[DEBUG] os.arch: amd64
[DEBUG] os.name: Windows 11
[DEBUG] os.version: 10.0
[DEBUG] path.separator: ;
[DEBUG] pooled-jms.version: 3.1.5
[DEBUG] postgresql.version: 42.6.0
[DEBUG] project.baseUri: file:/C:/Users/furka/Downloads/budget-tracker/
[DEBUG] project.build.sourceEncoding: UTF-8
[DEBUG] project.reporting.outputEncoding: UTF-8
[DEBUG] prometheus-client.version: 0.16.0
[DEBUG] pulsar-reactive.version: 0.5.0
[DEBUG] pulsar.version: 3.1.1
[DEBUG] quartz.version: 2.3.2
[DEBUG] querydsl.version: 5.0.0
[DEBUG] r2dbc-h2.version: 1.0.0.RELEASE
[DEBUG] r2dbc-mariadb.version: 1.1.4
[DEBUG] r2dbc-mssql.version: 1.0.2.RELEASE
[DEBUG] r2dbc-mysql.version: 1.0.5
[DEBUG] r2dbc-pool.version: 1.0.1.RELEASE
[DEBUG] r2dbc-postgresql.version: 1.0.2.RELEASE
[DEBUG] r2dbc-proxy.version: 1.1.2.RELEASE
[DEBUG] r2dbc-spi.version: 1.0.0.RELEASE
[DEBUG] rabbit-amqp-client.version: 5.19.0
[DEBUG] rabbit-stream-client.version: 0.14.0
[DEBUG] reactive-streams.version: 1.0.4
[DEBUG] reactor-bom.version: 2023.0.0
[DEBUG] resource.delimiter: @
[DEBUG] rest-assured.version: 5.3.2
[DEBUG] rsocket.version: 1.1.3
[DEBUG] rxjava3.version: 3.1.8
[DEBUG] saaj-impl.version: 3.0.3
[DEBUG] selenium-htmlunit.version: 4.13.0
[DEBUG] selenium.version: 4.14.1
[DEBUG] sendgrid.version: 4.9.3
[DEBUG] slf4j.version: 2.0.9
[DEBUG] snakeyaml.version: 2.2
[DEBUG] spring-amqp.version: 3.1.0
[DEBUG] spring-authorization-server.version: 1.2.0
[DEBUG] spring-batch.version: 5.1.0
[DEBUG] spring-data-bom.version: 2023.1.0
[DEBUG] spring-framework.version: 6.1.1
[DEBUG] spring-graphql.version: 1.2.4
[DEBUG] spring-hateoas.version: 2.2.0
[DEBUG] spring-integration.version: 6.2.0
[DEBUG] spring-kafka.version: 3.1.0
[DEBUG] spring-ldap.version: 3.2.0
[DEBUG] spring-pulsar.version: 1.0.0
[DEBUG] spring-restdocs.version: 3.0.1
[DEBUG] spring-retry.version: 2.0.4
[DEBUG] spring-security.version: 6.2.0
[DEBUG] spring-session.version: 3.2.0
[DEBUG] spring-ws.version: 4.0.8
[DEBUG] sqlite-jdbc.version: 3.43.2.0
[DEBUG] sun.arch.data.model: 64
[DEBUG] sun.boot.library.path: C:\Program Files\Java\jdk-17\bin
[DEBUG] sun.cpu.endian: little
[DEBUG] sun.cpu.isalist: amd64
[DEBUG] sun.io.unicode.encoding: UnicodeLittle
[DEBUG] sun.java.command: org.codehaus.plexus.classworlds.launcher.Launcher spring-boot:run -X
[DEBUG] sun.java.launcher: SUN_STANDARD
[DEBUG] sun.jnu.encoding: Cp1254
[DEBUG] sun.management.compiler: HotSpot 64-Bit Tiered Compilers
[DEBUG] sun.os.patch.level: 
[DEBUG] testcontainers.version: 1.19.3
[DEBUG] thymeleaf-extras-data-attribute.version: 2.0.1
[DEBUG] thymeleaf-extras-springsecurity.version: 3.1.2.RELEASE
[DEBUG] thymeleaf-layout-dialect.version: 3.3.0
[DEBUG] thymeleaf.version: 3.1.2.RELEASE
[DEBUG] tomcat.version: 10.1.16
[DEBUG] unboundid-ldapsdk.version: 6.0.10
[DEBUG] undertow.version: 2.3.10.Final
[DEBUG] user.country: TR
[DEBUG] user.dir: C:\Users\furka\Downloads\budget-tracker
[DEBUG] user.home: C:\Users\furka
[DEBUG] user.language: tr
[DEBUG] user.name: furkan
[DEBUG] user.script: 
[DEBUG] user.variant: 
[DEBUG] versions-maven-plugin.version: 2.16.2
[DEBUG] webjars-locator-core.version: 0.55
[DEBUG] wsdl4j.version: 1.6.3
[DEBUG] xml-maven-plugin.version: 1.1.0
[DEBUG] xmlunit2.version: 2.9.1
[DEBUG] yasson.version: 3.0.3
[DEBUG] Using 'UTF-8' encoding to copy filtered resources.
[DEBUG] Using 'UTF-8' encoding to copy filtered properties files.
[DEBUG] resource with targetPath null
directory C:\Users\furka\Downloads\budget-tracker\src\test\resources
excludes []
includes []
[INFO] skip non existing resourceDirectory C:\Users\furka\Downloads\budget-tracker\src\test\resources
[DEBUG] no user filter components
[INFO] 
[INFO] --- compiler:3.11.0:testCompile (default-testCompile) @ budget-tracker ---
[DEBUG] Loading mojo org.apache.maven.plugins:maven-compiler-plugin:3.11.0:testCompile from plugin realm ClassRealm[plugin>org.apache.maven.plugins:maven-compiler-plugin:3.11.0, parent: jdk.internal.loader.ClassLoaders$AppClassLoader@2a139a55]
[DEBUG] Configuring mojo execution 'org.apache.maven.plugins:maven-compiler-plugin:3.11.0:testCompile:default-testCompile' with basic configurator -->
[DEBUG]   (f) basedir = C:\Users\furka\Downloads\budget-tracker
[DEBUG]   (f) buildDirectory = C:\Users\furka\Downloads\budget-tracker\target
[DEBUG]   (f) compileSourceRoots = [C:\Users\furka\Downloads\budget-tracker\src\test\java]
[DEBUG]   (f) compilerId = javac
[DEBUG]   (f) createMissingPackageInfoClass = true
[DEBUG]   (f) debug = true
[DEBUG]   (f) debugFileName = javac-test
[DEBUG]   (f) enablePreview = false
[DEBUG]   (f) encoding = UTF-8
[DEBUG]   (f) failOnError = true
[DEBUG]   (f) failOnWarning = false
[DEBUG]   (f) forceJavacCompilerUse = false
[DEBUG]   (f) fork = false
[DEBUG]   (f) generatedTestSourcesDirectory = C:\Users\furka\Downloads\budget-tracker\target\generated-test-sources\test-annotations
[DEBUG]   (f) mojoExecution = org.apache.maven.plugins:maven-compiler-plugin:3.11.0:testCompile {execution: default-testCompile}
[DEBUG]   (f) optimize = false
[DEBUG]   (f) outputDirectory = C:\Users\furka\Downloads\budget-tracker\target\test-classes
[DEBUG]   (f) parameters = true
[DEBUG]   (f) project = MavenProject: com.budget:budget-tracker:1.0.0 @ C:\Users\furka\Downloads\budget-tracker\pom.xml
[DEBUG]   (s) release = 17
[DEBUG]   (f) session = org.apache.maven.execution.MavenSession@6c841199
[DEBUG]   (f) showCompilationChanges = false
[DEBUG]   (f) showDeprecation = false
[DEBUG]   (f) showWarnings = true
[DEBUG]   (f) skipMultiThreadWarning = false
[DEBUG]   (f) source = 1.8
[DEBUG]   (f) staleMillis = 0
[DEBUG]   (s) target = 1.8
[DEBUG]   (f) testPath = [C:\Users\furka\Downloads\budget-tracker\target\test-classes, C:\Users\furka\Downloads\budget-tracker\target\classes, C:\Users\furka\.m2\repository\org\springframework\boot\spring-boot-starter-web\3.2.0\spring-boot-starter-web-3.2.0.jar, C:\Users\furka\.m2\repository\org\springframework\boot\spring-boot-starter\3.2.0\spring-boot-starter-3.2.0.jar, C:\Users\furka\.m2\repository\org\springframework\boot\spring-boot\3.2.0\spring-boot-3.2.0.jar, C:\Users\furka\.m2\repository\org\springframework\boot\spring-boot-autoconfigure\3.2.0\spring-boot-autoconfigure-3.2.0.jar, C:\Users\furka\.m2\repository\org\springframework\boot\spring-boot-starter-logging\3.2.0\spring-boot-starter-logging-3.2.0.jar, C:\Users\furka\.m2\repository\ch\qos\logback\logback-classic\1.4.11\logback-classic-1.4.11.jar, C:\Users\furka\.m2\repository\ch\qos\logback\logback-core\1.4.11\logback-core-1.4.11.jar, C:\Users\furka\.m2\repository\org\apache\logging\log4j\log4j-to-slf4j\2.21.1\log4j-to-slf4j-2.21.1.jar, C:\Users\furka\.m2\repository\org\apache\logging\log4j\log4j-api\2.21.1\log4j-api-2.21.1.jar, C:\Users\furka\.m2\repository\org\slf4j\jul-to-slf4j\2.0.9\jul-to-slf4j-2.0.9.jar, C:\Users\furka\.m2\repository\jakarta\annotation\jakarta.annotation-api\2.1.1\jakarta.annotation-api-2.1.1.jar, C:\Users\furka\.m2\repository\org\yaml\snakeyaml\2.2\snakeyaml-2.2.jar, C:\Users\furka\.m2\repository\org\springframework\boot\spring-boot-starter-json\3.2.0\spring-boot-starter-json-3.2.0.jar, C:\Users\furka\.m2\repository\com\fasterxml\jackson\datatype\jackson-datatype-jdk8\2.15.3\jackson-datatype-jdk8-2.15.3.jar, C:\Users\furka\.m2\repository\com\fasterxml\jackson\datatype\jackson-datatype-jsr310\2.15.3\jackson-datatype-jsr310-2.15.3.jar, C:\Users\furka\.m2\repository\com\fasterxml\jackson\module\jackson-module-parameter-names\2.15.3\jackson-module-parameter-names-2.15.3.jar, C:\Users\furka\.m2\repository\org\springframework\boot\spring-boot-starter-tomcat\3.2.0\spring-boot-starter-tomcat-3.2.0.jar, C:\Users\furka\.m2\repository\org\apache\tomcat\embed\tomcat-embed-core\10.1.16\tomcat-embed-core-10.1.16.jar, C:\Users\furka\.m2\repository\org\apache\tomcat\embed\tomcat-embed-websocket\10.1.16\tomcat-embed-websocket-10.1.16.jar, C:\Users\furka\.m2\repository\org\springframework\spring-web\6.1.1\spring-web-6.1.1.jar, C:\Users\furka\.m2\repository\org\springframework\spring-beans\6.1.1\spring-beans-6.1.1.jar, C:\Users\furka\.m2\repository\io\micrometer\micrometer-observation\1.12.0\micrometer-observation-1.12.0.jar, C:\Users\furka\.m2\repository\io\micrometer\micrometer-commons\1.12.0\micrometer-commons-1.12.0.jar, C:\Users\furka\.m2\repository\org\springframework\spring-webmvc\6.1.1\spring-webmvc-6.1.1.jar, C:\Users\furka\.m2\repository\org\springframework\spring-context\6.1.1\spring-context-6.1.1.jar, C:\Users\furka\.m2\repository\org\springframework\spring-expression\6.1.1\spring-expression-6.1.1.jar, C:\Users\furka\.m2\repository\org\springframework\boot\spring-boot-starter-data-jpa\3.2.0\spring-boot-starter-data-jpa-3.2.0.jar, C:\Users\furka\.m2\repository\org\springframework\boot\spring-boot-starter-aop\3.2.0\spring-boot-starter-aop-3.2.0.jar, C:\Users\furka\.m2\repository\org\aspectj\aspectjweaver\1.9.20.1\aspectjweaver-1.9.20.1.jar, C:\Users\furka\.m2\repository\org\springframework\boot\spring-boot-starter-jdbc\3.2.0\spring-boot-starter-jdbc-3.2.0.jar, C:\Users\furka\.m2\repository\com\zaxxer\HikariCP\5.0.1\HikariCP-5.0.1.jar, C:\Users\furka\.m2\repository\org\springframework\spring-jdbc\6.1.1\spring-jdbc-6.1.1.jar, C:\Users\furka\.m2\repository\org\hibernate\orm\hibernate-core\6.3.1.Final\hibernate-core-6.3.1.Final.jar, C:\Users\furka\.m2\repository\jakarta\persistence\jakarta.persistence-api\3.1.0\jakarta.persistence-api-3.1.0.jar, C:\Users\furka\.m2\repository\jakarta\transaction\jakarta.transaction-api\2.0.1\jakarta.transaction-api-2.0.1.jar, C:\Users\furka\.m2\repository\org\jboss\logging\jboss-logging\3.5.3.Final\jboss-logging-3.5.3.Final.jar, C:\Users\furka\.m2\repository\org\hibernate\common\hibernate-commons-annotations\6.0.6.Final\hibernate-commons-annotations-6.0.6.Final.jar, C:\Users\furka\.m2\repository\io\smallrye\jandex\3.1.2\jandex-3.1.2.jar, C:\Users\furka\.m2\repository\com\fasterxml\classmate\1.6.0\classmate-1.6.0.jar, C:\Users\furka\.m2\repository\net\bytebuddy\byte-buddy\1.14.10\byte-buddy-1.14.10.jar, C:\Users\furka\.m2\repository\org\glassfish\jaxb\jaxb-runtime\4.0.4\jaxb-runtime-4.0.4.jar, C:\Users\furka\.m2\repository\org\glassfish\jaxb\jaxb-core\4.0.4\jaxb-core-4.0.4.jar, C:\Users\furka\.m2\repository\org\eclipse\angus\angus-activation\2.0.1\angus-activation-2.0.1.jar, C:\Users\furka\.m2\repository\org\glassfish\jaxb\txw2\4.0.4\txw2-4.0.4.jar, C:\Users\furka\.m2\repository\com\sun\istack\istack-commons-runtime\4.1.2\istack-commons-runtime-4.1.2.jar, C:\Users\furka\.m2\repository\jakarta\inject\jakarta.inject-api\2.0.1\jakarta.inject-api-2.0.1.jar, C:\Users\furka\.m2\repository\org\antlr\antlr4-runtime\4.10.1\antlr4-runtime-4.10.1.jar, C:\Users\furka\.m2\repository\org\springframework\data\spring-data-jpa\3.2.0\spring-data-jpa-3.2.0.jar, C:\Users\furka\.m2\repository\org\springframework\data\spring-data-commons\3.2.0\spring-data-commons-3.2.0.jar, C:\Users\furka\.m2\repository\org\springframework\spring-orm\6.1.1\spring-orm-6.1.1.jar, C:\Users\furka\.m2\repository\org\springframework\spring-tx\6.1.1\spring-tx-6.1.1.jar, C:\Users\furka\.m2\repository\org\slf4j\slf4j-api\2.0.9\slf4j-api-2.0.9.jar, C:\Users\furka\.m2\repository\org\springframework\spring-aspects\6.1.1\spring-aspects-6.1.1.jar, C:\Users\furka\.m2\repository\org\springframework\boot\spring-boot-starter-security\3.2.0\spring-boot-starter-security-3.2.0.jar, C:\Users\furka\.m2\repository\org\springframework\spring-aop\6.1.1\spring-aop-6.1.1.jar, C:\Users\furka\.m2\repository\org\springframework\security\spring-security-config\6.2.0\spring-security-config-6.2.0.jar, C:\Users\furka\.m2\repository\org\springframework\security\spring-security-core\6.2.0\spring-security-core-6.2.0.jar, C:\Users\furka\.m2\repository\org\springframework\security\spring-security-crypto\6.2.0\spring-security-crypto-6.2.0.jar, C:\Users\furka\.m2\repository\org\springframework\security\spring-security-web\6.2.0\spring-security-web-6.2.0.jar, C:\Users\furka\.m2\repository\org\springframework\boot\spring-boot-starter-validation\3.2.0\spring-boot-starter-validation-3.2.0.jar, C:\Users\furka\.m2\repository\org\apache\tomcat\embed\tomcat-embed-el\10.1.16\tomcat-embed-el-10.1.16.jar, C:\Users\furka\.m2\repository\org\hibernate\validator\hibernate-validator\8.0.1.Final\hibernate-validator-8.0.1.Final.jar, C:\Users\furka\.m2\repository\jakarta\validation\jakarta.validation-api\3.0.2\jakarta.validation-api-3.0.2.jar, C:\Users\furka\.m2\repository\io\jsonwebtoken\jjwt-api\0.11.5\jjwt-api-0.11.5.jar, C:\Users\furka\.m2\repository\io\jsonwebtoken\jjwt-impl\0.11.5\jjwt-impl-0.11.5.jar, C:\Users\furka\.m2\repository\io\jsonwebtoken\jjwt-jackson\0.11.5\jjwt-jackson-0.11.5.jar, C:\Users\furka\.m2\repository\com\fasterxml\jackson\core\jackson-databind\2.15.3\jackson-databind-2.15.3.jar, C:\Users\furka\.m2\repository\com\fasterxml\jackson\core\jackson-annotations\2.15.3\jackson-annotations-2.15.3.jar, C:\Users\furka\.m2\repository\com\fasterxml\jackson\core\jackson-core\2.15.3\jackson-core-2.15.3.jar, C:\Users\furka\.m2\repository\com\h2database\h2\2.2.224\h2-2.2.224.jar, C:\Users\furka\.m2\repository\org\postgresql\postgresql\42.6.0\postgresql-42.6.0.jar, C:\Users\furka\.m2\repository\org\checkerframework\checker-qual\3.31.0\checker-qual-3.31.0.jar, C:\Users\furka\.m2\repository\org\projectlombok\lombok\1.18.30\lombok-1.18.30.jar, C:\Users\furka\.m2\repository\org\springframework\boot\spring-boot-starter-test\3.2.0\spring-boot-starter-test-3.2.0.jar, C:\Users\furka\.m2\repository\org\springframework\boot\spring-boot-test\3.2.0\spring-boot-test-3.2.0.jar, C:\Users\furka\.m2\repository\org\springframework\boot\spring-boot-test-autoconfigure\3.2.0\spring-boot-test-autoconfigure-3.2.0.jar, C:\Users\furka\.m2\repository\com\jayway\jsonpath\json-path\2.8.0\json-path-2.8.0.jar, C:\Users\furka\.m2\repository\jakarta\xml\bind\jakarta.xml.bind-api\4.0.1\jakarta.xml.bind-api-4.0.1.jar, C:\Users\furka\.m2\repository\jakarta\activation\jakarta.activation-api\2.1.2\jakarta.activation-api-2.1.2.jar, C:\Users\furka\.m2\repository\net\minidev\json-smart\2.5.0\json-smart-2.5.0.jar, C:\Users\furka\.m2\repository\net\minidev\accessors-smart\2.5.0\accessors-smart-2.5.0.jar, C:\Users\furka\.m2\repository\org\ow2\asm\asm\9.3\asm-9.3.jar, C:\Users\furka\.m2\repository\org\assertj\assertj-core\3.24.2\assertj-core-3.24.2.jar, C:\Users\furka\.m2\repository\org\awaitility\awaitility\4.2.0\awaitility-4.2.0.jar, C:\Users\furka\.m2\repository\org\hamcrest\hamcrest\2.2\hamcrest-2.2.jar, C:\Users\furka\.m2\repository\org\junit\jupiter\junit-jupiter\5.10.1\junit-jupiter-5.10.1.jar, C:\Users\furka\.m2\repository\org\junit\jupiter\junit-jupiter-api\5.10.1\junit-jupiter-api-5.10.1.jar, C:\Users\furka\.m2\repository\org\opentest4j\opentest4j\1.3.0\opentest4j-1.3.0.jar, C:\Users\furka\.m2\repository\org\junit\platform\junit-platform-commons\1.10.1\junit-platform-commons-1.10.1.jar, C:\Users\furka\.m2\repository\org\apiguardian\apiguardian-api\1.1.2\apiguardian-api-1.1.2.jar, C:\Users\furka\.m2\repository\org\junit\jupiter\junit-jupiter-params\5.10.1\junit-jupiter-params-5.10.1.jar, C:\Users\furka\.m2\repository\org\junit\jupiter\junit-jupiter-engine\5.10.1\junit-jupiter-engine-5.10.1.jar, C:\Users\furka\.m2\repository\org\junit\platform\junit-platform-engine\1.10.1\junit-platform-engine-1.10.1.jar, C:\Users\furka\.m2\repository\org\mockito\mockito-core\5.7.0\mockito-core-5.7.0.jar, C:\Users\furka\.m2\repository\net\bytebuddy\byte-buddy-agent\1.14.10\byte-buddy-agent-1.14.10.jar, C:\Users\furka\.m2\repository\org\objenesis\objenesis\3.3\objenesis-3.3.jar, C:\Users\furka\.m2\repository\org\mockito\mockito-junit-jupiter\5.7.0\mockito-junit-jupiter-5.7.0.jar, C:\Users\furka\.m2\repository\org\skyscreamer\jsonassert\1.5.1\jsonassert-1.5.1.jar, C:\Users\furka\.m2\repository\com\vaadin\external\google\android-json\0.0.20131108.vaadin1\android-json-0.0.20131108.vaadin1.jar, C:\Users\furka\.m2\repository\org\springframework\spring-core\6.1.1\spring-core-6.1.1.jar, C:\Users\furka\.m2\repository\org\springframework\spring-jcl\6.1.1\spring-jcl-6.1.1.jar, C:\Users\furka\.m2\repository\org\springframework\spring-test\6.1.1\spring-test-6.1.1.jar, C:\Users\furka\.m2\repository\org\xmlunit\xmlunit-core\2.9.1\xmlunit-core-2.9.1.jar]
[DEBUG]   (f) useIncrementalCompilation = true
[DEBUG]   (f) useModulePath = true
[DEBUG]   (f) verbose = false
[DEBUG] -- end configuration --
[DEBUG] Using compiler 'javac'.
[INFO] No sources to compile
[INFO] 
[INFO] <<< spring-boot:3.2.0:run (default-cli) < test-compile @ budget-tracker <<<
[INFO] 
[INFO] 
[INFO] --- spring-boot:3.2.0:run (default-cli) @ budget-tracker ---
[DEBUG] Dependency collection stats {ConflictMarker.analyzeTime=75100, ConflictMarker.markTime=49200, ConflictMarker.nodeCount=56, ConflictIdSorter.graphTime=51900, ConflictIdSorter.topsortTime=37900, ConflictIdSorter.conflictIdCount=39, ConflictIdSorter.conflictIdCycleCount=0, ConflictResolver.totalTime=799500, ConflictResolver.conflictItemCount=55, DfDependencyCollector.collectTime=166757200, DfDependencyCollector.transformTime=1048800}
[DEBUG] org.springframework.boot:spring-boot-maven-plugin:jar:3.2.0
[DEBUG]    org.springframework.boot:spring-boot-buildpack-platform:jar:3.2.0:runtime
[DEBUG]       com.fasterxml.jackson.core:jackson-databind:jar:2.14.2:runtime
[DEBUG]          com.fasterxml.jackson.core:jackson-annotations:jar:2.14.2:runtime
[DEBUG]          com.fasterxml.jackson.core:jackson-core:jar:2.14.2:runtime
[DEBUG]       com.fasterxml.jackson.module:jackson-module-parameter-names:jar:2.14.2:runtime
[DEBUG]       net.java.dev.jna:jna-platform:jar:5.13.0:runtime
[DEBUG]          net.java.dev.jna:jna:jar:5.13.0:runtime
[DEBUG]       org.apache.commons:commons-compress:jar:1.23.0:runtime
[DEBUG]       org.apache.httpcomponents.client5:httpclient5:jar:5.2.1:runtime
[DEBUG]          org.apache.httpcomponents.core5:httpcore5:jar:5.2:runtime
[DEBUG]          org.apache.httpcomponents.core5:httpcore5-h2:jar:5.2:runtime
[DEBUG]       org.springframework:spring-core:jar:6.0.10:runtime
[DEBUG]          org.springframework:spring-jcl:jar:6.0.10:runtime
[DEBUG]       org.tomlj:tomlj:jar:1.0.0:runtime
[DEBUG]          org.antlr:antlr4-runtime:jar:4.7.2:runtime
[DEBUG]          com.google.code.findbugs:jsr305:jar:3.0.2:runtime
[DEBUG]    org.springframework.boot:spring-boot-loader-tools:jar:3.2.0:runtime
[DEBUG]    org.apache.maven.shared:maven-common-artifact-filters:jar:3.3.2:runtime
[DEBUG]       org.slf4j:slf4j-api:jar:1.7.36:compile
[DEBUG]    org.springframework:spring-context:jar:6.1.1:runtime
[DEBUG]       org.springframework:spring-aop:jar:6.1.1:runtime
[DEBUG]       org.springframework:spring-beans:jar:6.1.1:runtime
[DEBUG]       org.springframework:spring-expression:jar:6.1.1:runtime
[DEBUG]       io.micrometer:micrometer-observation:jar:1.12.0:runtime
[DEBUG]          io.micrometer:micrometer-commons:jar:1.12.0:runtime
[DEBUG]    org.sonatype.plexus:plexus-build-api:jar:0.0.7:runtime
[DEBUG]       org.codehaus.plexus:plexus-utils:jar:1.5.8:compile
[DEBUG]    org.apache.maven.plugins:maven-shade-plugin:jar:3.5.0:compile (optional)
[DEBUG]       org.ow2.asm:asm:jar:9.5:compile (optional)
[DEBUG]       org.ow2.asm:asm-commons:jar:9.5:compile (optional)
[DEBUG]          org.ow2.asm:asm-tree:jar:9.5:compile (optional)
[DEBUG]       org.jdom:jdom2:jar:2.0.6.1:compile (optional)
[DEBUG]       org.apache.maven.shared:maven-dependency-tree:jar:3.2.1:compile (optional)
[DEBUG]          org.eclipse.aether:aether-util:jar:1.0.0.v20140518:compile (optional)
[DEBUG]             org.eclipse.aether:aether-api:jar:1.0.0.v20140518:compile (optional)
[DEBUG]       commons-io:commons-io:jar:2.13.0:compile (optional)
[DEBUG]       org.vafer:jdependency:jar:2.8.0:compile (optional)
[DEBUG]       org.apache.commons:commons-collections4:jar:4.4:compile (optional)
[DEBUG] Created new class realm plugin>org.springframework.boot:spring-boot-maven-plugin:3.2.0
[DEBUG] Importing foreign packages into class realm plugin>org.springframework.boot:spring-boot-maven-plugin:3.2.0
[DEBUG]   Imported:  < maven.api
[DEBUG] Populating class realm plugin>org.springframework.boot:spring-boot-maven-plugin:3.2.0
[DEBUG]   Included: org.springframework.boot:spring-boot-maven-plugin:jar:3.2.0
[DEBUG]   Included: org.springframework.boot:spring-boot-buildpack-platform:jar:3.2.0
[DEBUG]   Included: com.fasterxml.jackson.core:jackson-databind:jar:2.14.2
[DEBUG]   Included: com.fasterxml.jackson.core:jackson-annotations:jar:2.14.2
[DEBUG]   Included: com.fasterxml.jackson.core:jackson-core:jar:2.14.2
[DEBUG]   Included: com.fasterxml.jackson.module:jackson-module-parameter-names:jar:2.14.2
[DEBUG]   Included: net.java.dev.jna:jna-platform:jar:5.13.0
[DEBUG]   Included: net.java.dev.jna:jna:jar:5.13.0
[DEBUG]   Included: org.apache.commons:commons-compress:jar:1.23.0
[DEBUG]   Included: org.apache.httpcomponents.client5:httpclient5:jar:5.2.1
[DEBUG]   Included: org.apache.httpcomponents.core5:httpcore5:jar:5.2
[DEBUG]   Included: org.apache.httpcomponents.core5:httpcore5-h2:jar:5.2
[DEBUG]   Included: org.springframework:spring-core:jar:6.0.10
[DEBUG]   Included: org.springframework:spring-jcl:jar:6.0.10
[DEBUG]   Included: org.tomlj:tomlj:jar:1.0.0
[DEBUG]   Included: org.antlr:antlr4-runtime:jar:4.7.2
[DEBUG]   Included: com.google.code.findbugs:jsr305:jar:3.0.2
[DEBUG]   Included: org.springframework.boot:spring-boot-loader-tools:jar:3.2.0
[DEBUG]   Included: org.apache.maven.shared:maven-common-artifact-filters:jar:3.3.2
[DEBUG]   Included: org.springframework:spring-context:jar:6.1.1
[DEBUG]   Included: org.springframework:spring-aop:jar:6.1.1
[DEBUG]   Included: org.springframework:spring-beans:jar:6.1.1
[DEBUG]   Included: org.springframework:spring-expression:jar:6.1.1
[DEBUG]   Included: io.micrometer:micrometer-observation:jar:1.12.0
[DEBUG]   Included: io.micrometer:micrometer-commons:jar:1.12.0
[DEBUG]   Included: org.sonatype.plexus:plexus-build-api:jar:0.0.7
[DEBUG]   Included: org.codehaus.plexus:plexus-utils:jar:1.5.8
[DEBUG]   Included: org.apache.maven.plugins:maven-shade-plugin:jar:3.5.0
[DEBUG]   Included: org.ow2.asm:asm:jar:9.5
[DEBUG]   Included: org.ow2.asm:asm-commons:jar:9.5
[DEBUG]   Included: org.ow2.asm:asm-tree:jar:9.5
[DEBUG]   Included: org.jdom:jdom2:jar:2.0.6.1
[DEBUG]   Included: org.apache.maven.shared:maven-dependency-tree:jar:3.2.1
[DEBUG]   Included: commons-io:commons-io:jar:2.13.0
[DEBUG]   Included: org.vafer:jdependency:jar:2.8.0
[DEBUG]   Included: org.apache.commons:commons-collections4:jar:4.4
[DEBUG] Loading mojo org.springframework.boot:spring-boot-maven-plugin:3.2.0:run from plugin realm ClassRealm[plugin>org.springframework.boot:spring-boot-maven-plugin:3.2.0, parent: jdk.internal.loader.ClassLoaders$AppClassLoader@2a139a55]
[DEBUG] Configuring mojo execution 'org.springframework.boot:spring-boot-maven-plugin:3.2.0:run:default-cli' with basic configurator -->
[DEBUG]   (f) addResources = false
[DEBUG]   (f) additionalClasspathElements = []
[DEBUG]   (f) agents = []
[DEBUG]   (f) classesDirectory = C:\Users\furka\Downloads\budget-tracker\target\classes
[DEBUG]   (f) directories = []
[DEBUG]   (f) excludes = []
[DEBUG]   (f) includes = []
[DEBUG]   (f) optimizedLaunch = true
[DEBUG]   (f) profiles = []
[DEBUG]   (f) project = MavenProject: com.budget:budget-tracker:1.0.0 @ C:\Users\furka\Downloads\budget-tracker\pom.xml
[DEBUG]   (f) session = org.apache.maven.execution.MavenSession@6c841199
[DEBUG]   (f) skip = false
[DEBUG]   (f) useTestClasspath = false
[DEBUG] -- end configuration --
[INFO] Attaching agents: []
[DEBUG] JVM argument(s): -XX:TieredStopAtLevel=1
[DEBUG] Classpath for forked process: C:\Users\furka\Downloads\budget-tracker\target\classes;C:\Users\furka\.m2\repository\org\springframework\boot\spring-boot\3.2.0\spring-boot-3.2.0.jar;C:\Users\furka\.m2\repository\org\springframework\boot\spring-boot-autoconfigure\3.2.0\spring-boot-autoconfigure-3.2.0.jar;C:\Users\furka\.m2\repository\ch\qos\logback\logback-classic\1.4.11\logback-classic-1.4.11.jar;C:\Users\furka\.m2\repository\ch\qos\logback\logback-core\1.4.11\logback-core-1.4.11.jar;C:\Users\furka\.m2\repository\org\apache\logging\log4j\log4j-to-slf4j\2.21.1\log4j-to-slf4j-2.21.1.jar;C:\Users\furka\.m2\repository\org\apache\logging\log4j\log4j-api\2.21.1\log4j-api-2.21.1.jar;C:\Users\furka\.m2\repository\org\slf4j\jul-to-slf4j\2.0.9\jul-to-slf4j-2.0.9.jar;C:\Users\furka\.m2\repository\jakarta\annotation\jakarta.annotation-api\2.1.1\jakarta.annotation-api-2.1.1.jar;C:\Users\furka\.m2\repository\org\yaml\snakeyaml\2.2\snakeyaml-2.2.jar;C:\Users\furka\.m2\repository\com\fasterxml\jackson\datatype\jackson-datatype-jdk8\2.15.3\jackson-datatype-jdk8-2.15.3.jar;C:\Users\furka\.m2\repository\com\fasterxml\jackson\datatype\jackson-datatype-jsr310\2.15.3\jackson-datatype-jsr310-2.15.3.jar;C:\Users\furka\.m2\repository\com\fasterxml\jackson\module\jackson-module-parameter-names\2.15.3\jackson-module-parameter-names-2.15.3.jar;C:\Users\furka\.m2\repository\org\apache\tomcat\embed\tomcat-embed-core\10.1.16\tomcat-embed-core-10.1.16.jar;C:\Users\furka\.m2\repository\org\apache\tomcat\embed\tomcat-embed-websocket\10.1.16\tomcat-embed-websocket-10.1.16.jar;C:\Users\furka\.m2\repository\org\springframework\spring-web\6.1.1\spring-web-6.1.1.jar;C:\Users\furka\.m2\repository\org\springframework\spring-beans\6.1.1\spring-beans-6.1.1.jar;C:\Users\furka\.m2\repository\io\micrometer\micrometer-observation\1.12.0\micrometer-observation-1.12.0.jar;C:\Users\furka\.m2\repository\io\micrometer\micrometer-commons\1.12.0\micrometer-commons-1.12.0.jar;C:\Users\furka\.m2\repository\org\springframework\spring-webmvc\6.1.1\spring-webmvc-6.1.1.jar;C:\Users\furka\.m2\repository\org\springframework\spring-context\6.1.1\spring-context-6.1.1.jar;C:\Users\furka\.m2\repository\org\springframework\spring-expression\6.1.1\spring-expression-6.1.1.jar;C:\Users\furka\.m2\repository\org\aspectj\aspectjweaver\1.9.20.1\aspectjweaver-1.9.20.1.jar;C:\Users\furka\.m2\repository\com\zaxxer\HikariCP\5.0.1\HikariCP-5.0.1.jar;C:\Users\furka\.m2\repository\org\springframework\spring-jdbc\6.1.1\spring-jdbc-6.1.1.jar;C:\Users\furka\.m2\repository\org\hibernate\orm\hibernate-core\6.3.1.Final\hibernate-core-6.3.1.Final.jar;C:\Users\furka\.m2\repository\jakarta\persistence\jakarta.persistence-api\3.1.0\jakarta.persistence-api-3.1.0.jar;C:\Users\furka\.m2\repository\jakarta\transaction\jakarta.transaction-api\2.0.1\jakarta.transaction-api-2.0.1.jar;C:\Users\furka\.m2\repository\org\jboss\logging\jboss-logging\3.5.3.Final\jboss-logging-3.5.3.Final.jar;C:\Users\furka\.m2\repository\org\hibernate\common\hibernate-commons-annotations\6.0.6.Final\hibernate-commons-annotations-6.0.6.Final.jar;C:\Users\furka\.m2\repository\io\smallrye\jandex\3.1.2\jandex-3.1.2.jar;C:\Users\furka\.m2\repository\com\fasterxml\classmate\1.6.0\classmate-1.6.0.jar;C:\Users\furka\.m2\repository\net\bytebuddy\byte-buddy\1.14.10\byte-buddy-1.14.10.jar;C:\Users\furka\.m2\repository\org\glassfish\jaxb\jaxb-runtime\4.0.4\jaxb-runtime-4.0.4.jar;C:\Users\furka\.m2\repository\org\glassfish\jaxb\jaxb-core\4.0.4\jaxb-core-4.0.4.jar;C:\Users\furka\.m2\repository\org\eclipse\angus\angus-activation\2.0.1\angus-activation-2.0.1.jar;C:\Users\furka\.m2\repository\org\glassfish\jaxb\txw2\4.0.4\txw2-4.0.4.jar;C:\Users\furka\.m2\repository\com\sun\istack\istack-commons-runtime\4.1.2\istack-commons-runtime-4.1.2.jar;C:\Users\furka\.m2\repository\jakarta\inject\jakarta.inject-api\2.0.1\jakarta.inject-api-2.0.1.jar;C:\Users\furka\.m2\repository\org\antlr\antlr4-runtime\4.10.1\antlr4-runtime-4.10.1.jar;C:\Users\furka\.m2\repository\org\springframework\data\spring-data-jpa\3.2.0\spring-data-jpa-3.2.0.jar;C:\Users\furka\.m2\repository\org\springframework\data\spring-data-commons\3.2.0\spring-data-commons-3.2.0.jar;C:\Users\furka\.m2\repository\org\springframework\spring-orm\6.1.1\spring-orm-6.1.1.jar;C:\Users\furka\.m2\repository\org\springframework\spring-tx\6.1.1\spring-tx-6.1.1.jar;C:\Users\furka\.m2\repository\org\slf4j\slf4j-api\2.0.9\slf4j-api-2.0.9.jar;C:\Users\furka\.m2\repository\org\springframework\spring-aspects\6.1.1\spring-aspects-6.1.1.jar;C:\Users\furka\.m2\repository\org\springframework\spring-aop\6.1.1\spring-aop-6.1.1.jar;C:\Users\furka\.m2\repository\org\springframework\security\spring-security-config\6.2.0\spring-security-config-6.2.0.jar;C:\Users\furka\.m2\repository\org\springframework\security\spring-security-core\6.2.0\spring-security-core-6.2.0.jar;C:\Users\furka\.m2\repository\org\springframework\security\spring-security-crypto\6.2.0\spring-security-crypto-6.2.0.jar;C:\Users\furka\.m2\repository\org\springframework\security\spring-security-web\6.2.0\spring-security-web-6.2.0.jar;C:\Users\furka\.m2\repository\org\apache\tomcat\embed\tomcat-embed-el\10.1.16\tomcat-embed-el-10.1.16.jar;C:\Users\furka\.m2\repository\org\hibernate\validator\hibernate-validator\8.0.1.Final\hibernate-validator-8.0.1.Final.jar;C:\Users\furka\.m2\repository\jakarta\validation\jakarta.validation-api\3.0.2\jakarta.validation-api-3.0.2.jar;C:\Users\furka\.m2\repository\io\jsonwebtoken\jjwt-api\0.11.5\jjwt-api-0.11.5.jar;C:\Users\furka\.m2\repository\io\jsonwebtoken\jjwt-impl\0.11.5\jjwt-impl-0.11.5.jar;C:\Users\furka\.m2\repository\io\jsonwebtoken\jjwt-jackson\0.11.5\jjwt-jackson-0.11.5.jar;C:\Users\furka\.m2\repository\com\fasterxml\jackson\core\jackson-databind\2.15.3\jackson-databind-2.15.3.jar;C:\Users\furka\.m2\repository\com\fasterxml\jackson\core\jackson-annotations\2.15.3\jackson-annotations-2.15.3.jar;C:\Users\furka\.m2\repository\com\fasterxml\jackson\core\jackson-core\2.15.3\jackson-core-2.15.3.jar;C:\Users\furka\.m2\repository\com\h2database\h2\2.2.224\h2-2.2.224.jar;C:\Users\furka\.m2\repository\org\postgresql\postgresql\42.6.0\postgresql-42.6.0.jar;C:\Users\furka\.m2\repository\org\checkerframework\checker-qual\3.31.0\checker-qual-3.31.0.jar;C:\Users\furka\.m2\repository\org\projectlombok\lombok\1.18.30\lombok-1.18.30.jar;C:\Users\furka\.m2\repository\jakarta\xml\bind\jakarta.xml.bind-api\4.0.1\jakarta.xml.bind-api-4.0.1.jar;C:\Users\furka\.m2\repository\jakarta\activation\jakarta.activation-api\2.1.2\jakarta.activation-api-2.1.2.jar;C:\Users\furka\.m2\repository\org\springframework\spring-core\6.1.1\spring-core-6.1.1.jar;C:\Users\furka\.m2\repository\org\springframework\spring-jcl\6.1.1\spring-jcl-6.1.1.jar
[DEBUG] Application argument(s): 
[DEBUG] Environment variable(s): 

  .   ____          _            __ _ _
 /\\ / ___'_ __ _ _(_)_ __  __ _ \ \ \ \
( ( )\___ | '_ | '_| | '_ \/ _` | \ \ \ \
 \\/  ___)| |_)| | | | | || (_| |  ) ) ) )
  '  |____| .__|_| |_|_| |_\__, | / / / /
 =========|_|==============|___/=/_/_/_/
 :: Spring Boot ::                (v3.2.0)

2025-12-29T17:31:36.789+03:00  INFO 18524 --- [Budget Tracker System] [           main] com.budget.BudgetTrackerApplication      : Starting BudgetTrackerApplication using Java 17.0.12 with PID 18524 (C:\Users\furka\Downloads\budget-tracker\target\classes started by furkan in C:\Users\furka\Downloads\budget-tracker)
2025-12-29T17:31:36.790+03:00 DEBUG 18524 --- [Budget Tracker System] [           main] com.budget.BudgetTrackerApplication      : Running with Spring Boot v3.2.0, Spring v6.1.1
2025-12-29T17:31:36.791+03:00  INFO 18524 --- [Budget Tracker System] [           main] com.budget.BudgetTrackerApplication      : No active profile set, falling back to 1 default profile: "default"
2025-12-29T17:31:37.373+03:00  INFO 18524 --- [Budget Tracker System] [           main] .s.d.r.c.RepositoryConfigurationDelegate : Bootstrapping Spring Data JPA repositories in DEFAULT mode.
2025-12-29T17:31:37.428+03:00  INFO 18524 --- [Budget Tracker System] [           main] .s.d.r.c.RepositoryConfigurationDelegate : Finished Spring Data repository scanning in 48 ms. Found 4 JPA repository interfaces.
2025-12-29T17:31:38.067+03:00  INFO 18524 --- [Budget Tracker System] [           main] o.s.b.w.embedded.tomcat.TomcatWebServer  : Tomcat initialized with port 8080 (http)
2025-12-29T17:31:38.080+03:00  INFO 18524 --- [Budget Tracker System] [           main] o.apache.catalina.core.StandardService   : Starting service [Tomcat]
2025-12-29T17:31:38.080+03:00  INFO 18524 --- [Budget Tracker System] [           main] o.apache.catalina.core.StandardEngine    : Starting Servlet engine: [Apache Tomcat/10.1.16]
2025-12-29T17:31:38.158+03:00  INFO 18524 --- [Budget Tracker System] [           main] o.a.c.c.C.[Tomcat].[localhost].[/]       : Initializing Spring embedded WebApplicationContext
2025-12-29T17:31:38.160+03:00  INFO 18524 --- [Budget Tracker System] [           main] w.s.c.ServletWebServerApplicationContext : Root WebApplicationContext: initialization completed in 1328 ms
2025-12-29T17:31:38.210+03:00  INFO 18524 --- [Budget Tracker System] [           main] com.zaxxer.hikari.HikariDataSource       : HikariPool-1 - Starting...
2025-12-29T17:31:38.436+03:00  INFO 18524 --- [Budget Tracker System] [           main] com.zaxxer.hikari.pool.HikariPool        : HikariPool-1 - Added connection conn0: url=jdbc:h2:mem:budgetdb user=SA
2025-12-29T17:31:38.439+03:00  INFO 18524 --- [Budget Tracker System] [           main] com.zaxxer.hikari.HikariDataSource       : HikariPool-1 - Start completed.
2025-12-29T17:31:38.454+03:00  INFO 18524 --- [Budget Tracker System] [           main] o.s.b.a.h2.H2ConsoleAutoConfiguration    : H2 console available at '/h2-console'. Database available at 'jdbc:h2:mem:budgetdb'
2025-12-29T17:31:38.612+03:00  INFO 18524 --- [Budget Tracker System] [           main] o.hibernate.jpa.internal.util.LogHelper  : HHH000204: Processing PersistenceUnitInfo [name: default]
2025-12-29T17:31:38.672+03:00  INFO 18524 --- [Budget Tracker System] [           main] org.hibernate.Version                    : HHH000412: Hibernate ORM core version 6.3.1.Final
2025-12-29T17:31:38.706+03:00  INFO 18524 --- [Budget Tracker System] [           main] o.h.c.internal.RegionFactoryInitiator    : HHH000026: Second-level cache disabled
2025-12-29T17:31:38.891+03:00  INFO 18524 --- [Budget Tracker System] [           main] o.s.o.j.p.SpringPersistenceUnitInfo      : No LoadTimeWeaver setup: ignoring JPA class transformer
2025-12-29T17:31:38.924+03:00  WARN 18524 --- [Budget Tracker System] [           main] org.hibernate.orm.deprecation            : HHH90000025: H2Dialect does not need to be specified explicitly using 'hibernate.dialect' (remove the property setting and it will be selected by default)
2025-12-29T17:31:39.704+03:00  INFO 18524 --- [Budget Tracker System] [           main] o.h.e.t.j.p.i.JtaPlatformInitiator       : HHH000489: No JTA platform available (set 'hibernate.transaction.jta.platform' to enable JTA platform integration)
Hibernate: 
    create table budgets (
        id bigint generated by default as identity,
        is_active boolean,
        alert_threshold integer,
        amount numeric(38,2) not null,
        created_at timestamp(6),
        end_date date not null,
        notes varchar(255),
        period varchar(255) check (period in ('DAILY','WEEKLY','MONTHLY','YEARLY','CUSTOM')),
        spent_amount numeric(38,2),
        start_date date not null,
        updated_at timestamp(6),
        category_id bigint not null,
        user_id bigint not null,
        primary key (id)
    )
Hibernate: 
    create table categories (
        id bigint generated by default as identity,
        color varchar(255),
        created_at timestamp(6),
        description varchar(255),
        icon varchar(255),
        name varchar(255) not null,
        type varchar(255) not null check (type in ('INCOME','EXPENSE')),
        primary key (id)
    )
Hibernate: 
    create table transactions (
        id bigint generated by default as identity,
        amount numeric(38,2) not null,
        created_at timestamp(6),
        description varchar(255) not null,
        notes varchar(255),
        transaction_date date not null,
        type varchar(255) not null check (type in ('INCOME','EXPENSE')),
        updated_at timestamp(6),
        category_id bigint not null,
        user_id bigint not null,
        primary key (id)
    )
Hibernate: 
    create table users (
        id bigint generated by default as identity,
        created_at timestamp(6),
        email varchar(255) not null,
        enabled boolean not null,
        full_name varchar(255) not null,
        password varchar(255) not null,
        role varchar(255) check (role in ('USER','ADMIN')),
        updated_at timestamp(6),
        username varchar(255) not null,
        primary key (id)
    )
Hibernate: 
    alter table if exists users 
       drop constraint if exists UK_6dotkott2kjsp8vw4d0m25fb7
Hibernate: 
    alter table if exists users 
       add constraint UK_6dotkott2kjsp8vw4d0m25fb7 unique (email)
Hibernate: 
    alter table if exists users 
       drop constraint if exists UK_r43af9ap4edm43mmtq01oddj6
Hibernate: 
    alter table if exists users 
       add constraint UK_r43af9ap4edm43mmtq01oddj6 unique (username)
Hibernate: 
    alter table if exists budgets 
       add constraint FKn7qib00712y8dwelmqfwis6ka 
       foreign key (category_id) 
       references categories
Hibernate: 
    alter table if exists budgets 
       add constraint FKln0tm5tgf3f9q3sp9sa5m8m7b 
       foreign key (user_id) 
       references users
Hibernate: 
    alter table if exists transactions 
       add constraint FKsqqi7sneo04kast0o138h19mv 
       foreign key (category_id) 
       references categories
Hibernate: 
    alter table if exists transactions 
       add constraint FKqwv7rmvc8va8rep7piikrojds 
       foreign key (user_id) 
       references users
2025-12-29T17:31:39.773+03:00  INFO 18524 --- [Budget Tracker System] [           main] j.LocalContainerEntityManagerFactoryBean : Initialized JPA EntityManagerFactory for persistence unit 'default'
2025-12-29T17:31:40.036+03:00 ERROR 18524 --- [Budget Tracker System] [           main] o.s.b.web.embedded.tomcat.TomcatStarter  : Error starting Tomcat context. Exception: org.springframework.beans.factory.UnsatisfiedDependencyException. Message: Error creating bean with name 'jwtAuthFilter' defined in file [C:\Users\furka\Downloads\budget-tracker\target\classes\com\budget\security\JwtAuthFilter.class]: Unsatisfied dependency expressed through constructor parameter 1: Error creating bean with name 'userService' defined in file [C:\Users\furka\Downloads\budget-tracker\target\classes\com\budget\service\UserService.class]: Unsatisfied dependency expressed through constructor parameter 1: Error creating bean with name 'securityConfig' defined in file [C:\Users\furka\Downloads\budget-tracker\target\classes\com\budget\security\SecurityConfig.class]: Unsatisfied dependency expressed through constructor parameter 0: Error creating bean with name 'jwtAuthFilter': Requested bean is currently in creation: Is there an unresolvable circular reference?
2025-12-29T17:31:40.057+03:00  INFO 18524 --- [Budget Tracker System] [           main] o.apache.catalina.core.StandardService   : Stopping service [Tomcat]
2025-12-29T17:31:40.062+03:00  WARN 18524 --- [Budget Tracker System] [           main] ConfigServletWebServerApplicationContext : Exception encountered during context initialization - cancelling refresh attempt: org.springframework.context.ApplicationContextException: Unable to start web server
2025-12-29T17:31:40.062+03:00  INFO 18524 --- [Budget Tracker System] [           main] j.LocalContainerEntityManagerFactoryBean : Closing JPA EntityManagerFactory for persistence unit 'default'
2025-12-29T17:31:40.065+03:00  INFO 18524 --- [Budget Tracker System] [           main] com.zaxxer.hikari.HikariDataSource       : HikariPool-1 - Shutdown initiated...
2025-12-29T17:31:40.067+03:00  INFO 18524 --- [Budget Tracker System] [           main] com.zaxxer.hikari.HikariDataSource       : HikariPool-1 - Shutdown completed.
2025-12-29T17:31:40.074+03:00  INFO 18524 --- [Budget Tracker System] [           main] .s.b.a.l.ConditionEvaluationReportLogger : 

Error starting ApplicationContext. To display the condition evaluation report re-run your application with 'debug' enabled.
2025-12-29T17:31:40.089+03:00 ERROR 18524 --- [Budget Tracker System] [           main] o.s.b.d.LoggingFailureAnalysisReporter   : 

***************************
APPLICATION FAILED TO START
***************************

Description:

The dependencies of some of the beans in the application context form a cycle:

???????
|  jwtAuthFilter defined in file [C:\Users\furka\Downloads\budget-tracker\target\classes\com\budget\security\JwtAuthFilter.class]
?     ?
|  userService defined in file [C:\Users\furka\Downloads\budget-tracker\target\classes\com\budget\service\UserService.class]
?     ?
|  securityConfig defined in file [C:\Users\furka\Downloads\budget-tracker\target\classes\com\budget\security\SecurityConfig.class]
???????


Action:

Relying upon circular references is discouraged and they are prohibited by default. Update your application to remove the dependency cycle between beans. As a last resort, it may be possible to break the cycle automatically by setting spring.main.allow-circular-references to true.

[INFO] ------------------------------------------------------------------------
[INFO] BUILD FAILURE
[INFO] ------------------------------------------------------------------------
[INFO] Total time:  5.968 s
[INFO] Finished at: 2025-12-29T17:31:40+03:00
[INFO] ------------------------------------------------------------------------
[ERROR] Failed to execute goal org.springframework.boot:spring-boot-maven-plugin:3.2.0:run (default-cli) on project budget-tracker: Process terminated with exit code: 1 -> [Help 1]
org.apache.maven.lifecycle.LifecycleExecutionException: Failed to execute goal org.springframework.boot:spring-boot-maven-plugin:3.2.0:run (default-cli) on project budget-tracker: Process terminated with exit code: 1
    at org.apache.maven.lifecycle.internal.MojoExecutor.doExecute2 (MojoExecutor.java:333)
    at org.apache.maven.lifecycle.internal.MojoExecutor.doExecute (MojoExecutor.java:316)
    at org.apache.maven.lifecycle.internal.MojoExecutor.execute (MojoExecutor.java:212)
    at org.apache.maven.lifecycle.internal.MojoExecutor.execute (MojoExecutor.java:174)
    at org.apache.maven.lifecycle.internal.MojoExecutor.access$000 (MojoExecutor.java:75)
    at org.apache.maven.lifecycle.internal.MojoExecutor$1.run (MojoExecutor.java:162)
    at org.apache.maven.plugin.DefaultMojosExecutionStrategy.execute (DefaultMojosExecutionStrategy.java:39)
    at org.apache.maven.lifecycle.internal.MojoExecutor.execute (MojoExecutor.java:159)
    at org.apache.maven.lifecycle.internal.LifecycleModuleBuilder.buildProject (LifecycleModuleBuilder.java:105)
    at org.apache.maven.lifecycle.internal.LifecycleModuleBuilder.buildProject (LifecycleModuleBuilder.java:73)
    at org.apache.maven.lifecycle.internal.builder.singlethreaded.SingleThreadedBuilder.build (SingleThreadedBuilder.java:53)
    at org.apache.maven.lifecycle.internal.LifecycleStarter.execute (LifecycleStarter.java:118)
    at org.apache.maven.DefaultMaven.doExecute (DefaultMaven.java:261)
    at org.apache.maven.DefaultMaven.doExecute (DefaultMaven.java:173)
    at org.apache.maven.DefaultMaven.execute (DefaultMaven.java:101)
    at org.apache.maven.cli.MavenCli.execute (MavenCli.java:906)
    at org.apache.maven.cli.MavenCli.doMain (MavenCli.java:283)
    at org.apache.maven.cli.MavenCli.main (MavenCli.java:206)
    at jdk.internal.reflect.NativeMethodAccessorImpl.invoke0 (Native Method)
    at jdk.internal.reflect.NativeMethodAccessorImpl.invoke (NativeMethodAccessorImpl.java:77)
    at jdk.internal.reflect.DelegatingMethodAccessorImpl.invoke (DelegatingMethodAccessorImpl.java:43)
    at java.lang.reflect.Method.invoke (Method.java:568)
    at org.codehaus.plexus.classworlds.launcher.Launcher.launchEnhanced (Launcher.java:255)
    at org.codehaus.plexus.classworlds.launcher.Launcher.launch (Launcher.java:201)
    at org.codehaus.plexus.classworlds.launcher.Launcher.mainWithExitCode (Launcher.java:361)
    at org.codehaus.plexus.classworlds.launcher.Launcher.main (Launcher.java:314)
Caused by: org.apache.maven.plugin.MojoExecutionException: Process terminated with exit code: 1
    at org.springframework.boot.maven.JavaProcessExecutor.run (JavaProcessExecutor.java:74)
    at org.springframework.boot.maven.RunMojo.run (RunMojo.java:76)
    at org.springframework.boot.maven.AbstractRunMojo.run (AbstractRunMojo.java:242)
    at org.springframework.boot.maven.AbstractRunMojo.execute (AbstractRunMojo.java:209)
    at org.apache.maven.plugin.DefaultBuildPluginManager.executeMojo (DefaultBuildPluginManager.java:126)
    at org.apache.maven.lifecycle.internal.MojoExecutor.doExecute2 (MojoExecutor.java:328)
    at org.apache.maven.lifecycle.internal.MojoExecutor.doExecute (MojoExecutor.java:316)
    at org.apache.maven.lifecycle.internal.MojoExecutor.execute (MojoExecutor.java:212)
    at org.apache.maven.lifecycle.internal.MojoExecutor.execute (MojoExecutor.java:174)
    at org.apache.maven.lifecycle.internal.MojoExecutor.access$000 (MojoExecutor.java:75)
    at org.apache.maven.lifecycle.internal.MojoExecutor$1.run (MojoExecutor.java:162)
    at org.apache.maven.plugin.DefaultMojosExecutionStrategy.execute (DefaultMojosExecutionStrategy.java:39)
    at org.apache.maven.lifecycle.internal.MojoExecutor.execute (MojoExecutor.java:159)
    at org.apache.maven.lifecycle.internal.LifecycleModuleBuilder.buildProject (LifecycleModuleBuilder.java:105)
    at org.apache.maven.lifecycle.internal.LifecycleModuleBuilder.buildProject (LifecycleModuleBuilder.java:73)
    at org.apache.maven.lifecycle.internal.builder.singlethreaded.SingleThreadedBuilder.build (SingleThreadedBuilder.java:53)
    at org.apache.maven.lifecycle.internal.LifecycleStarter.execute (LifecycleStarter.java:118)
    at org.apache.maven.DefaultMaven.doExecute (DefaultMaven.java:261)
    at org.apache.maven.DefaultMaven.doExecute (DefaultMaven.java:173)
    at org.apache.maven.DefaultMaven.execute (DefaultMaven.java:101)
    at org.apache.maven.cli.MavenCli.execute (MavenCli.java:906)
    at org.apache.maven.cli.MavenCli.doMain (MavenCli.java:283)
    at org.apache.maven.cli.MavenCli.main (MavenCli.java:206)
    at jdk.internal.reflect.NativeMethodAccessorImpl.invoke0 (Native Method)
    at jdk.internal.reflect.NativeMethodAccessorImpl.invoke (NativeMethodAccessorImpl.java:77)
    at jdk.internal.reflect.DelegatingMethodAccessorImpl.invoke (DelegatingMethodAccessorImpl.java:43)
    at java.lang.reflect.Method.invoke (Method.java:568)
    at org.codehaus.plexus.classworlds.launcher.Launcher.launchEnhanced (Launcher.java:255)
    at org.codehaus.plexus.classworlds.launcher.Launcher.launch (Launcher.java:201)
    at org.codehaus.plexus.classworlds.launcher.Launcher.mainWithExitCode (Launcher.java:361)
    at org.codehaus.plexus.classworlds.launcher.Launcher.main (Launcher.java:314)
[ERROR] 
[ERROR] 
[ERROR] For more information about the errors and possible solutions, please read the following articles:
[ERROR] [Help 1] http://cwiki.apache.org/confluence/display/MAVEN/MojoExecutionException
[DEBUG] Shutting down adapter factory; available factories [file-lock, rwlock-local, semaphore-local, noop]; available name mappers [discriminating, file-gav, file-hgav, file-static, gav, static]
[DEBUG] Shutting down 'file-lock' factory
[DEBUG] Shutting down 'rwlock-local' factory
[DEBUG] Shutting down 'semaphore-local' factory
[DEBUG] Shutting down 'noop' factory
